name,city,district,address,pincode,phone,products,capacity_mt,type,rating,source_type,source_name,source_url,notes
Jayanti Cold Storage,Pushprajgarh,Anuppur,"C/o Paras Sale Corporation, Shiv Market, Pansari Bazar, Pushprajgarh, Anuppur",,,,,,,directory,infoisinfo,https://madhya-pradesh-state.infoisinfo.co.in/search/cold_storage,infoisinfo directory (data quality of this directory is mixed - verify)
Krishna Cold Storage,Mediyaras,Anuppur,"Chachai Road, Mediyaras",,,,,Cold storage (per Google Maps category),4.9 (22),google_maps,Google Maps / Google Search business listing (accessed 5 Oct 2026),https://www.google.com/maps/search/?api=1&query=Krishna+Cold+Storage+Anuppur+Madhya+Pradesh,district inferred from map location - verify
Paras Cold Storage,Kotma,Anuppur,"Keswahi Road, Kotma, Anuppur",,,,1000,Cold Storage,,official,"National Horticulture Board (NHB) - list of NHB-assisted cold storages, Madhya Pradesh (sanctions 2000-2009)",https://nhb.gov.in/doc/Madhya%20Pradesh.pdf,"NHB sanction 29-Mar-2005 (BPL/CS/75). OLD LIST: NHB assistance sanctioned 2000-2009 (see sanction date); current operation, ownership and capacity not verified"
S.K. Sheetgriha Cold Storage,Anuppur,Anuppur,"Town Anuppur, Shahdol",,,,2210,Cold Storage,,official,"National Horticulture Board (NHB) - list of NHB-assisted cold storages, Madhya Pradesh (sanctions 2000-2009)",https://nhb.gov.in/doc/Madhya%20Pradesh.pdf,"NHB sanction 2-Jun-2001 (BPL/CS/17); source lists Shahdol (Anuppur is now a separate district). OLD LIST: NHB assistance sanctioned 2000-2009 (see sanction date); current operation, ownership and capacity not verified"
Sai Ram Cold Storage,Balaghat,Balaghat,"Plot No. 32, Sai Anand Niwas, Sai Nagar, Balaghat",,,Potato,,,,directory,infoisinfo,https://madhya-pradesh-state.infoisinfo.co.in/search/cold_storage,infoisinfo directory lists potato storage (data quality of this directory is mixed - verify)
Triveni Food Processors,,Barwani,,,,Fruits & vegetables,,,,official,MoFPI consolidated list of approved cold chain projects (as on 11-03-2025),https://www.mofpi.gov.in/sites/default/files/CONSOLIDATED_LIST_OF_STATE-WISE_394_APPROVED_COLD_CHAIN_PROJECTS_As_on_11-03-2025.pdf,"MoFPI Integrated Cold Chain project, approved 31-03-2021, status Completed (as on 11-03-2025)"
Furozun Fruits and Vegetables,,Betul,,,,Fruits & vegetables,,,,official,MoFPI consolidated list of approved cold chain projects (as on 11-03-2025),https://www.mofpi.gov.in/sites/default/files/CONSOLIDATED_LIST_OF_STATE-WISE_394_APPROVED_COLD_CHAIN_PROJECTS_As_on_11-03-2025.pdf,"MoFPI Integrated Cold Chain project, approved 09-10-2020, status Ongoing (as on 11-03-2025)"
Bhagwati Sheet Grah,Bhind,Bhind,Etawah Road,,9617789324,,,,,directory,NaPanta cold storage directory (Bhind district page),https://www.napanta.com/hi/cold-storage/madhya-pradesh/bhind,Listed as 'Bhagwati Seet Grah'; contact person per NaPanta: Neeraj; city set to district town (source page gives district + locality only) - verify; phone as printed on NaPanta Hindi-language page for the listed contact person (may be a personal mobile and/or outdated - confirm before publishing)
Chaudhary Dilip Singh Cold Storage,Didi,Bhind,"Didi, Bhind ; Village Didi, Phoop Road",,9039908044,,8000,Cold Storage,,official ; directory,"National Horticulture Board (NHB) - list of NHB-assisted cold storages, Madhya Pradesh (sanctions 2000-2009) ; NaPanta cold storage directory (Bhind district page)",https://nhb.gov.in/doc/Madhya%20Pradesh.pdf ; https://www.napanta.com/hi/cold-storage/madhya-pradesh/bhind,"Merged from 2 source rows. NHB sanction 31-Mar-2003 (BPL/CS/64). OLD LIST: NHB assistance sanctioned 2000-2009 (see sanction date); current operation, ownership and capacity not verified | NaPanta lists twice ('Chaudhary/Chaudhri Dilip Singh Cold Storage'); contact person per NaPanta: Gajendr; phone as printed on NaPanta Hindi-language page for the listed contact person (may be a personal mobile and/or outdated - confirm before publishing)"
Guru Kripa Agritech Pvt. Ltd.,Gurikha,Bhind,Gurikha,,,,8250,,,directory,NaPanta cold storage directory (Bhind district page),https://www.napanta.com/hi/cold-storage/madhya-pradesh/bhind,Listed on NaPanta Bhind page without contact person (format used there for registered warehouses) - confirm it is a cold storage; no phone captured (NaPanta English page masks numbers)
Hindustan Cold Storage,Bhind,Bhind,Gwalior Road,,9425115849,,1159,,2.0 (1),directory ; google_maps,NaPanta cold storage directory (Bhind district page) ; Google Maps listing (accessed 5 Oct 2026),https://www.napanta.com/hi/cold-storage/madhya-pradesh/bhind ; https://www.google.com/maps/search/?api=1&query=Hindustan+Cold+Store+and+Ice+Factory+Bhind+Madhya+Pradesh,Contact person per NaPanta: Subhash Jain; city set to district town (source page gives district + locality only) - verify; phone as printed on NaPanta Hindi-language page for the listed contact person (may be a personal mobile and/or outdated - confirm before publishing)
Jay Sriram Coldstore,Bhind,Bhind,Bhind,,,,,Cold storage (per Google Maps category),4.0 (3),google_maps,Google Maps / Google Search business listing (accessed 5 Oct 2026),https://www.google.com/maps/search/?api=1&query=Jay+Sriram+Coldstore+Bhind+Madhya+Pradesh,
Neelam Cold Storage,Bhind,Bhind,Lahar Road Industrial Area,,9425127019,,6237,,,directory,NaPanta cold storage directory (Bhind district page),https://www.napanta.com/hi/cold-storage/madhya-pradesh/bhind,Contact person per NaPanta: Asko Ashok Kumar; city set to district town (source page gives district + locality only) - verify; phone as printed on NaPanta Hindi-language page for the listed contact person (may be a personal mobile and/or outdated - confirm before publishing)
Padma Cold Storage,Bhind,Bhind,Etawah Road,,9826216767,,4100,,3.4 (73),directory ; google_maps,NaPanta cold storage directory (Bhind district page) ; Google Maps listing (accessed 5 Oct 2026),https://www.napanta.com/hi/cold-storage/madhya-pradesh/bhind ; https://www.google.com/maps/search/?api=1&query=Padma+Cold+Storage+Bhind+Madhya+Pradesh,Contact person per NaPanta: Sanjay Jain; city set to district town (source page gives district + locality only) - verify; phone as printed on NaPanta Hindi-language page for the listed contact person (may be a personal mobile and/or outdated - confirm before publishing)
S.T. Cold Storage Pvt. Ltd.,Phoop,Bhind,"Bhind-Etawah Road, Phoop, Bhind ; Etawah",,,,4638,Cold Storage,,official ; directory,"National Horticulture Board (NHB) - list of NHB-assisted cold storages, Madhya Pradesh (sanctions 2000-2009) ; NaPanta cold storage directory (Bhind district page)",https://nhb.gov.in/doc/Madhya%20Pradesh.pdf ; https://www.napanta.com/hi/cold-storage/madhya-pradesh/bhind,"Merged from 2 source rows. NHB sanction 21-Feb-2003 (BPL/CS/60). OLD LIST: NHB assistance sanctioned 2000-2009 (see sanction date); current operation, ownership and capacity not verified | Listed as 'S.T. Cold Storage Pvt Ltd, Bhind'; no phone captured (NaPanta English page masks numbers)"
Yadunath Cold Storage,Bhind,Bhind,"Lahar Road, Chungi Naka",,9836833614,,5759,,,directory,NaPanta cold storage directory (Bhind district page),https://www.napanta.com/hi/cold-storage/madhya-pradesh/bhind,Contact person per NaPanta: Rajkumar Porwal; city set to district town (source page gives district + locality only) - verify; phone as printed on NaPanta Hindi-language page for the listed contact person (may be a personal mobile and/or outdated - confirm before publishing)
Ashoka Ice & Cold Storage,Bhopal,Bhopal,"6-A, Bhopal",,098260 69221,,,Cold storage (per Google Maps category),5.0 (3),google_maps,Google Maps / Google Search business listing (accessed 5 Oct 2026),https://www.google.com/maps/search/?api=1&query=Ashoka+Ice+%26+Cold+Storage+Bhopal+Madhya+Pradesh,
B.K. Enterprises,Bhopal,Bhopal,"J-9, Bhopal",,,,,Cold storage (per Google Maps category),5.0 (1),google_maps,Google Maps / Google Search business listing (accessed 5 Oct 2026),https://www.google.com/maps/search/?api=1&query=B.K.+Enterprises+Bhopal+Madhya+Pradesh,Google category: cold storage facility
Bhargav Industries,Bhopal,Bhopal,"13-17 Industrial Estate, Raisen Rd, Bhopal",,075585 86117,,,Cold storage (per Google Maps category),4.2 (13),google_maps,Google Maps / Google Search business listing (accessed 5 Oct 2026),https://www.google.com/maps/search/?api=1&query=Bhargav+Industries+Bhopal+Madhya+Pradesh,Google category: cold storage facility
Bhopal Cold Storage,Bhopal,Bhopal,Bhopal,,096696 64633,,,Cold storage (per Google Maps category),3.3 (16),google_maps,Google Maps / Google Search business listing (accessed 5 Oct 2026),https://www.google.com/maps/search/?api=1&query=Bhopal+Cold+Storage+Bhopal+Madhya+Pradesh,
Frizzler Cold Storage & Logistics,Bhopal,Bhopal,"Khajuri Sadak, Bhopal",,,,,Cold storage (per Google Maps category),4.6 (12),google_maps,Google Maps / Google Search business listing (accessed 5 Oct 2026),https://www.google.com/maps/search/?api=1&query=Frizzler+Cold+Storage+%26+Logistics+Bhopal+Madhya+Pradesh,
Gangotri Cold Storage,Bhopal (Plus code 8CM4+25Q),Bhopal,Bhopal (Plus code 8CM4+25Q),,,,,Cold storage (per Google Maps category),4.0 (60),google_maps,Google Maps / Google Search business listing (accessed 5 Oct 2026),https://www.google.com/maps/search/?api=1&query=Gangotri+Cold+Storage+Bhopal+Madhya+Pradesh,
Nidhi Associates,Bhopal,Bhopal,Bhopal-Indore Highway,,,"Vegetables, fruits, food items",,Multi-purpose cold storage (rental),,directory,IndiaMART,https://m.indiamart.com/city/bhopal/cold-storage-services.html,IndiaMART lists multipurpose cold storage rental; locality only
Satguru Cold Storage,Bairagarh Kalan,Bhopal,"Bairagarh Kalan, Bhopal",,,,1086,Cold Storage,,official,"National Horticulture Board (NHB) - list of NHB-assisted cold storages, Madhya Pradesh (sanctions 2000-2009)",https://nhb.gov.in/doc/Madhya%20Pradesh.pdf,"NHB sanction 22-Aug-2003 (BPL/CS/68). OLD LIST: NHB assistance sanctioned 2000-2009 (see sanction date); current operation, ownership and capacity not verified"
Snow Line Cold Store,New Bhopal Bypass,Bhopal,"Kanasaiya, New Bhopal Bypass",,,,,Cold storage (per Google Maps category),4.1 (19),google_maps,Google Maps / Google Search business listing (accessed 5 Oct 2026),https://www.google.com/maps/search/?api=1&query=Snow+Line+Cold+Store+Bhopal+Madhya+Pradesh,
Trikuta Cold Storage,Bhopal,Bhopal,"Indore Bye Pass Road, Bhopal",,,,5000,Cold Storage,,official,"National Horticulture Board (NHB) - list of NHB-assisted cold storages, Madhya Pradesh (sanctions 2000-2009)",https://nhb.gov.in/doc/Madhya%20Pradesh.pdf,"NHB sanction 4-Sep-2001 (BPL/CS/24). OLD LIST: NHB assistance sanctioned 2000-2009 (see sanction date); current operation, ownership and capacity not verified"
Vardhman Agrofresh Products,,Bhopal,,,,Fruits & vegetables,,,,official,MoFPI consolidated list of approved cold chain projects (as on 11-03-2025),https://www.mofpi.gov.in/sites/default/files/CONSOLIDATED_LIST_OF_STATE-WISE_394_APPROVED_COLD_CHAIN_PROJECTS_As_on_11-03-2025.pdf,"MoFPI Integrated Cold Chain project, approved 19-07-2019, status Completed (as on 11-03-2025)"
Shiv Enterprise,Burhanpur,Burhanpur,,,,Bananas,,,,directory,IndiaMART,https://m.indiamart.com/city/burhanpur/cold-storage-services.html,IndiaMART lists banana cold storage services
Shivam Cold Storage,Burhanpur,Burhanpur,Burhanpur,,,,,Cold storage (per Google Maps category),4.5 (2),google_maps,Google Maps / Google Search business listing (accessed 5 Oct 2026),https://www.google.com/maps/search/?api=1&query=Shivam+Cold+Storage+Burhanpur+Madhya+Pradesh,
Shree Cold Storage,near Krushnal Kela Group,Burhanpur,"Bus stand, near Krushnal Kela Group",,,,,Cold storage (per Google Maps category),5.0 (2),google_maps,Google Maps / Google Search business listing (accessed 5 Oct 2026),https://www.google.com/maps/search/?api=1&query=Shree+Cold+Storage+Burhanpur+Madhya+Pradesh,fruit (banana) storage; district inferred from map location
Chhatarpur Cold Storage,Chhatarpur,Chhatarpur,,,094258 13811,,,,4.4 (19),directory ; google_maps,IndiaMART ; Google Maps listing (accessed 5 Oct 2026),https://m.indiamart.com/city/chhatarpur/cold-storage-services.html ; https://www.google.com/maps/search/?api=1&query=Chhatarpur+Cold+Storage+Chhatarpur+Madhya+Pradesh,IndiaMART; 12 yrs on IndiaMART
Jatashankar Cold Storage,Chhatarpur district,Chhatarpur,Chhatarpur district,,,,,Cold storage (per Google Maps category),3.7 (27),google_maps,Google Maps / Google Search business listing (accessed 5 Oct 2026),https://www.google.com/maps/search/?api=1&query=Jatashankar+Cold+Storage+Chhatarpur+Madhya+Pradesh,Google spelling: 'jatasanker cold storej'
Rayeen Banana Ripening,Chhatarpur,Chhatarpur,"Near Idgah, Sankat Mochan Rd, Chhatarpur",,088171 71778,,,Cold storage (per Google Maps category),5.0 (4),google_maps,Google Maps / Google Search business listing (accessed 5 Oct 2026),https://www.google.com/maps/search/?api=1&query=Rayeen+Banana+Ripening+Chhatarpur+Madhya+Pradesh,banana ripening chamber
Chhindwara Cold Storage,Chhindwara,Chhindwara,Chhindwara,,,,,Cold storage (per Google Maps category),4.3 (3),google_maps,Google Maps / Google Search business listing (accessed 5 Oct 2026),https://www.google.com/maps/search/?api=1&query=Chhindwara+Cold+Storage+Chhindwara+Madhya+Pradesh,Google category: warehouse
Krishak Cold Storage,Chhindwara,Chhindwara,"Narsinghpur Road, Chhindwara (M.P.) ; Narsinghpur Road",,9425819503,,805 ; 875,Cold Storage,,official ; directory,"National Horticulture Board (NHB) - list of NHB-assisted cold storages, Madhya Pradesh (sanctions 2000-2009) ; NaPanta cold storage directory (Chhindwara district page)",https://nhb.gov.in/doc/Madhya%20Pradesh.pdf ; https://www.napanta.com/hi/cold-storage/madhya-pradesh/chhindwara,"Merged from 2 source rows. NHB sanction 23-Aug-2007 (BPL.CS.93). OLD LIST: NHB assistance sanctioned 2000-2009 (see sanction date); current operation, ownership and capacity not verified | Contact person per NaPanta: Hariraman Singh; city set to district town (source page gives district + locality only) - verify; phone as printed on NaPanta Hindi-language page for the listed contact person (may be a personal mobile and/or outdated - confirm before publishing)"
"MP MARKFED Cold Storage, Chhindwara",Chhindwara,Chhindwara,,,,,,,,directory,IndiaMART (MP MARKFED listing),https://m.indiamart.com/city/bhopal/cold-storage-services.html,IndiaMART listing by MP MARKFED says cold warehouse at Chhindwara (1998) - verify current operation
Patidar Cold Storage,Chhindwara,Chhindwara,Parasia Naka,,9827680488,,6000,,,directory,NaPanta cold storage directory (Chhindwara district page),https://www.napanta.com/hi/cold-storage/madhya-pradesh/chhindwara,Contact person per NaPanta: Pradeep Kankhra; city set to district town (source page gives district + locality only) - verify; phone as printed on NaPanta Hindi-language page for the listed contact person (may be a personal mobile and/or outdated - confirm before publishing)
Shanti Cold Storage,Chhindwara,Chhindwara,Seoni Road,,9359101283,,,,3.6 (22),directory ; google_maps,NaPanta cold storage directory (Chhindwara district page) ; Google Maps listing (accessed 5 Oct 2026),https://www.napanta.com/hi/cold-storage/madhya-pradesh/chhindwara ; https://www.google.com/maps/search/?api=1&query=Shanti+Cold+Storage+and+Ice+Factory+Chhindwara+Madhya+Pradesh,"Contact person per NaPanta: Kundan Kumar Saw; NHB GIS also shows 'Shanti Cold Storage & Ice Factory Unit-2', Chhindwara; city set to district town (source page gives district + locality only) - verify; phone as printed on NaPanta Hindi-language page for the listed contact person (may be a personal mobile and/or outdated - confirm before publishing)"
Shanti Cold Storage & Ice Factory Unit-2,,Chhindwara,,,,,,,,official,NHB cold storage GIS layer (GeoIndiaHandlerGis),https://www.nhb.gov.in/Handlers/GeoIndiaHandlerGis.ashx,"NHB GIS project point (lat 22.0681, long 78.9799); NHB-assisted, year not shown"
Agrospace Steading Pvt Ltd,Ralamandal Gaon,Dewas,Ralamandal Gaon,,,,,Cold storage (per Google Maps category),4.3 (9),google_maps,Google Maps / Google Search business listing (accessed 5 Oct 2026),https://www.google.com/maps/search/?api=1&query=Agrospace+Steading+Pvt+Ltd+Dewas+Madhya+Pradesh,district verify (Dewas/Indore)
Dev Cold Storage,Dewas,Dewas,"Survey no. 32/4, 34/1, Dewas",,091111 15290,,,Cold storage (per Google Maps category),4.6 (5),google_maps,Google Maps / Google Search business listing (accessed 5 Oct 2026),https://www.google.com/maps/search/?api=1&query=Dev+Cold+Storage+Dewas+Madhya+Pradesh,
Karneswar Cold Storage Pvt. Ltd.,Karnawad,Dewas,"S.No. 1779/2, Village Karnawad, Bagli, Dist. Dewas",,,,6000,Cold Storage,,official,"National Horticulture Board (NHB) - list of NHB-assisted cold storages, Madhya Pradesh (sanctions 2000-2009)",https://nhb.gov.in/doc/Madhya%20Pradesh.pdf,"NHB sanction 4-Oct-2007 (BPL.CS.94). OLD LIST: NHB assistance sanctioned 2000-2009 (see sanction date); current operation, ownership and capacity not verified"
Maruti Ice And Cold Storage,Dewas,Dewas,,,,Potato,,Potato cold storage,,directory,IndiaMART,https://m.indiamart.com/city/dewas/cold-storage-services.html,IndiaMART lists potato cold storage service
Rajat Foods,Dewas,Dewas,,,,,,,,directory,IndiaMART,https://m.indiamart.com/city/dewas/cold-storage-services.html,IndiaMART lists storage services under cold storage category - verify it is a cold store
Shivasheesh Warehouse & Cold Storage,Dewas,Dewas,Dewas,,,,,Cold storage (per Google Maps category),5.0 (4),google_maps,Google Maps / Google Search business listing (accessed 5 Oct 2026),https://www.google.com/maps/search/?api=1&query=Shivasheesh+Warehouse+%26+Cold+Storage+Dewas+Madhya+Pradesh,
Yashraj Cold Storage,Hatpipliya,Dewas,"Hatpipliya Road, Dewas",,,,2700; 932 (expansion),Cold Storage,,official,"National Horticulture Board (NHB) - list of NHB-assisted cold storages, Madhya Pradesh (sanctions 2000-2009)",https://nhb.gov.in/doc/Madhya%20Pradesh.pdf,"NHB sanctions 27-Jul-2000 (BPL/CS/9) and expansion 17-Sep-2001 (BPL/CS/49). OLD LIST: NHB assistance sanctioned 2000-2009 (see sanction date); current operation, ownership and capacity not verified"
Lichchhwi Foods India Pvt Ltd,,Dhar,,,,Fruits & vegetables,,,,official,MoFPI consolidated list of approved cold chain projects (as on 11-03-2025),https://www.mofpi.gov.in/sites/default/files/CONSOLIDATED_LIST_OF_STATE-WISE_394_APPROVED_COLD_CHAIN_PROJECTS_As_on_11-03-2025.pdf,"MoFPI Integrated Cold Chain project, approved 31-03-2021, status Ongoing (as on 11-03-2025)"
Maa Bhagwati Cold Storage,NH 3,Dhar,NH 3,,088891 33331,,,Cold storage (per Google Maps category),4.8 (23),google_maps,Google Maps / Google Search business listing (accessed 5 Oct 2026),https://www.google.com/maps/search/?api=1&query=Maa+Bhagwati+Cold+Storage+Dhar+Madhya+Pradesh,district inferred from map location (Dhar/Indore) - verify
Sarveshvar Enterprises Pvt Ltd,Pithampur,Dhar,"Mhow-Neemuch Road, Sector 1, Pithampur",,9301049782,,6000,,,directory,NaPanta cold storage directory (Dhar district page),https://www.napanta.com/hi/cold-storage/madhya-pradesh/dhar,Listed as 'Sarveshvar Entarprises Pvt Ltd'; contact person per NaPanta: Ram Singh Yadav; phone as printed on NaPanta Hindi-language page for the listed contact person (may be a personal mobile and/or outdated - confirm before publishing)
GK Warehouse and Cold Storage,Guna,Guna,"Plot No 55, Kanha Kunj, Dubey Colony, Diversion Road, Guna",473001,094251 31880,,,,3.5 (8),directory ; google_maps,Mappls (MapmyIndia) place listing ; Google Maps listing (accessed 5 Oct 2026),https://www.mappls.com/place-gk+ware+house+and+cold+storage-plot+no+55-diversion+road-guna-madhya+pradesh-473001-1HMRUZ@zdata=MjQuNjMyMzExKzc3LjI5NjM2MisxNysxSE1SVVorKw==ed ; https://www.google.com/maps/search/?api=1&query=GK+Ware+House+and+Cold+Storage+Guna+Madhya+Pradesh,Address per Mappls place listing (search-indexed title)
Geetanjali Cold Storage,Guna district,Guna,Guna district,,090988 66536,,,Cold storage (per Google Maps category),4.0 (18),google_maps,Google Maps / Google Search business listing (accessed 5 Oct 2026),https://www.google.com/maps/search/?api=1&query=Geetanjali+Cold+Storage+Guna+Madhya+Pradesh,district inferred from map location - verify
Muskan Cold Storage,Guna,Guna,Guna,,075422 50842,,,Cold storage (per Google Maps category),,google_maps,Google Maps / Google Search business listing (accessed 5 Oct 2026),https://www.google.com/maps/search/?api=1&query=Muskan+Cold+Storage+Guna+Madhya+Pradesh,
Pitambra Mangal Cold Storage,Guna,Guna,"Umri Road, Guna",,070674 15418,,,Cold storage (per Google Maps category),,google_maps,Google Maps / Google Search business listing (accessed 5 Oct 2026),https://www.google.com/maps/search/?api=1&query=Pitambra+Mangal+Cold+Storage+Guna+Madhya+Pradesh,
Agrasen Cold Storage,Gwalior,Gwalior,"Purani Chhawani, Gwalior ; Old Chhawni",,,,4800 ; 4800; 3800,Cold Storage,,official ; directory,"National Horticulture Board (NHB) - list of NHB-assisted cold storages, Madhya Pradesh (sanctions 2000-2009) ; NaPanta cold storage directory (Gwalior district page)",https://nhb.gov.in/doc/Madhya%20Pradesh.pdf ; https://www.napanta.com/cold-storage/madhya-pradesh/gwalior/,"Merged from 2 source rows. NHB sanction 25-Oct-2000 (BPL/CS/29). OLD LIST: NHB assistance sanctioned 2000-2009 (see sanction date); current operation, ownership and capacity not verified | NaPanta lists twice (4800 and 3800 MT); contact person per NaPanta: Suresh Agarwal; city set to district town (source page gives district + locality only) - verify; no phone captured (NaPanta English page masks numbers)"
Asthavinayak Foods Pvt. Ltd.,Gwalior,Gwalior,,,,"Frozen foods, perishables",,Cold storage warehouse (multi-chamber),,directory,IndiaMART,https://m.indiamart.com/city/gwalior/cold-storage-services.html,IndiaMART; 2 yrs on IndiaMART
Bansal Cold Storage,Gwalior,Gwalior,"Purani Chhawani, AB Road, Gwalior ; Old Chhawni, AB Road",,,,3833,Cold Storage,,official ; directory,"National Horticulture Board (NHB) - list of NHB-assisted cold storages, Madhya Pradesh (sanctions 2000-2009) ; NaPanta cold storage directory (Gwalior district page)",https://nhb.gov.in/doc/Madhya%20Pradesh.pdf ; https://www.napanta.com/cold-storage/madhya-pradesh/gwalior/,"Merged from 2 source rows. NHB sanction 3-Aug-2002 (BPL/CS/55). OLD LIST: NHB assistance sanctioned 2000-2009 (see sanction date); current operation, ownership and capacity not verified | Contact person per NaPanta: Sandeep Sahani; city set to district town (source page gives district + locality only) - verify; no phone captured (NaPanta English page masks numbers)"
Bhagawati Frontline Motorizer Private Limited,Gwalior,Gwalior,,,,,,,,directory,IndiaMART,https://m.indiamart.com/city/gwalior/cold-storage-services.html,Warehousing and cold storage facilities per IndiaMART
ColdEX,Gwalior,Gwalior,"Bhaudapur, Parking No 6, Laxmipuram, Transport Nagar, Gwalior",,095993 02089,,,Cold storage (per Google Maps category),3.8 (5),google_maps,Google Maps / Google Search business listing (accessed 5 Oct 2026),https://www.google.com/maps/search/?api=1&query=ColdEX+Gwalior+Madhya+Pradesh,
Davar Cold Store,Gwalior,Gwalior,"Tansen Road, Loco",,,,,,,directory,NaPanta cold storage directory (Gwalior district page),https://www.napanta.com/cold-storage/madhya-pradesh/gwalior/,Contact person per NaPanta: Girraj; city set to district town (source page gives district + locality only) - verify; no phone captured (NaPanta English page masks numbers)
Dhruv Cold Storage,Gwalior,Gwalior,Gole Ka Mandir Road,,,,2800,,,directory ; google_maps,NaPanta cold storage directory (Gwalior district page) ; Google Maps listing (accessed 5 Oct 2026),https://www.napanta.com/cold-storage/madhya-pradesh/gwalior/ ; https://www.google.com/maps/search/?api=1&query=Dhruv+Cold+Storage+Gwalior+Madhya+Pradesh,Contact person per NaPanta: S.B. Bhadouria; city set to district town (source page gives district + locality only) - verify; no phone captured (NaPanta English page masks numbers)
Ganpati Cold Storage,Gwalior,Gwalior,Old Chhawani,,,,,,,directory,NaPanta cold storage directory (Gwalior district page),https://www.napanta.com/cold-storage/madhya-pradesh/gwalior/,Contact person per NaPanta: Ajay Gupta; city set to district town (source page gives district + locality only) - verify; no phone captured (NaPanta English page masks numbers)
Jai Balaji Ji Cold Storage Pvt Ltd,,Gwalior,,,,,2800,,,directory,NaPanta cold storage directory (Gwalior district page),https://www.napanta.com/cold-storage/madhya-pradesh/gwalior/,Contact person per NaPanta: Deepak Jaiswani; no phone captured (NaPanta English page masks numbers)
Jai Balaji Kripa Cold Storage,Gwalior,Gwalior,"Purani Chhawani, Gwalior",,,,5000; 3280,Cold Storage,,official,"National Horticulture Board (NHB) - list of NHB-assisted cold storages, Madhya Pradesh (sanctions 2000-2009)",https://nhb.gov.in/doc/Madhya%20Pradesh.pdf,"NHB sanctions 11-Mar-2000 (5000 MT) and 8-Apr-2000 (3280 MT), both code BPL/CS/31. OLD LIST: NHB assistance sanctioned 2000-2009 (see sanction date); current operation, ownership and capacity not verified"
Jai Mahakal Cold Storage,Gangapur,Gwalior,"Vill. Gangapur ; Old Chhawni, Gangapur",,,,4447,Cold Storage,,official ; directory,"National Horticulture Board (NHB) - list of NHB-assisted cold storages, Madhya Pradesh (sanctions 2000-2009) ; NaPanta cold storage directory (Gwalior district page)",https://nhb.gov.in/doc/Madhya%20Pradesh.pdf ; https://www.napanta.com/cold-storage/madhya-pradesh/gwalior/,"Merged from 2 source rows. NHB sanction 18-Jun-2001 (BPL/CS/43); district not in NHB list - Gwalior per NaPanta listing 'Jai Mahakal Old Storage, Old Chhawni Gangapur' with same 4447 MT capacity. OLD LIST: NHB assistance sanctioned 2000-2009 (see sanction date); current operation, ownership and capacity not verified | Listed as 'Jai Mahakal Old Storage'; contact person per NaPanta: Mahesh Agarwal; no phone captured (NaPanta English page masks numbers)"
Jai Mahakal Cold Storage Unit 2,"Lashkar, Gwalior",Gwalior,"Engle Sahab Ka Bada, Dal Bazar, Lashkar",,,,9543,Cold Storage,,official,"National Horticulture Board (NHB) - list of NHB-assisted cold storages, Madhya Pradesh (sanctions 2000-2009)",https://nhb.gov.in/doc/Madhya%20Pradesh.pdf,"NHB sanction 8-Apr-2006 (BPL.CS.88); Lashkar is part of Gwalior city. OLD LIST: NHB assistance sanctioned 2000-2009 (see sanction date); current operation, ownership and capacity not verified"
Maa Shitla Cold Storage And Warehouse Private Limited,Gwalior,Gwalior,,,,,,,,directory,IndiaMART,https://m.indiamart.com/city/gwalior/cold-storage-services.html,Cold warehouse rental per IndiaMART
Mayur Cold Storage,Gwalior,Gwalior,"Purani Chhawani, AB Road, Gwalior",,,,4600,Cold Storage,,official,"National Horticulture Board (NHB) - list of NHB-assisted cold storages, Madhya Pradesh (sanctions 2000-2009)",https://nhb.gov.in/doc/Madhya%20Pradesh.pdf,"NHB sanction 11-Nov-2003 (BPL/CS/69). OLD LIST: NHB assistance sanctioned 2000-2009 (see sanction date); current operation, ownership and capacity not verified"
Ok Jai Balaji,Gwalior,Gwalior,Old Chhawni,,,,9000,,,directory,NaPanta cold storage directory (Gwalior district page),https://www.napanta.com/cold-storage/madhya-pradesh/gwalior/,Contact person per NaPanta: S.K. Shivhare; city set to district town (source page gives district + locality only) - verify; no phone captured (NaPanta English page masks numbers)
Parikshit Cold Storage,Gwalior,Gwalior,Gole Ka Mandir Link Road,,,,2800,,,directory,NaPanta cold storage directory (Gwalior district page),https://www.napanta.com/cold-storage/madhya-pradesh/gwalior/,Contact person per NaPanta: Sudhendra Parmar; city set to district town (source page gives district + locality only) - verify; no phone captured (NaPanta English page masks numbers)
Polar Link Cold Chain Solutions Private Limited,Gwalior,Gwalior,,,,,,,,directory,IndiaMART,https://m.indiamart.com/city/gwalior/cold-storage-services.html,Cold storage services per IndiaMART
Prakash Cold Storage,Malanpur,Gwalior,"Ganga Malanpur, Gwalior",,,,4000,Cold Storage,3.5 (4),official ; google_maps,"National Horticulture Board (NHB) - list of NHB-assisted cold storages, Madhya Pradesh (sanctions 2000-2009) ; Google Maps listing (accessed 5 Oct 2026)",https://nhb.gov.in/doc/Madhya%20Pradesh.pdf ; https://www.google.com/maps/search/?api=1&query=Prakash+Cold+Storage+Gwalior+Madhya+Pradesh,"NHB sanction 19-Dec-2000 (BPL/CS/34); source says Gwalior but Malanpur industrial area is administratively in Bhind district - verify. OLD LIST: NHB assistance sanctioned 2000-2009 (see sanction date); current operation, ownership and capacity not verified"
Prakash Cold Storage-II,Gwalior,Gwalior,"Purani Chhawani, Gwalior ; Old Chhawani",,,Apples,4670 ; 9200,Cold Storage,,official ; directory,"National Horticulture Board (NHB) - list of NHB-assisted cold storages, Madhya Pradesh (sanctions 2000-2009) ; NaPanta cold storage directory (Gwalior district page) ; IndiaMART",https://nhb.gov.in/doc/Madhya%20Pradesh.pdf ; https://www.napanta.com/cold-storage/madhya-pradesh/gwalior/ ; https://m.indiamart.com/city/gwalior/cold-storage-services.html,"Merged from 3 source rows. NHB sanction 10-Dec-2004 (BPL/CS/76). OLD LIST: NHB assistance sanctioned 2000-2009 (see sanction date); current operation, ownership and capacity not verified | Listed as 'Prakash Cold Storage'; contact person per NaPanta: Jitendra Gupta; city set to district town (source page gives district + locality only) - verify; no phone captured (NaPanta English page masks numbers) | IndiaMART lists 'Prakash Cold Storage' offering apple cold storage services"
Punjab Frozen Enterprises,Gwalior,Gwalior,"D-21, Main Rd, Gwalior",,0751 403 5957,,,Cold storage (per Google Maps category),3.0 (2),google_maps,Google Maps / Google Search business listing (accessed 5 Oct 2026),https://www.google.com/maps/search/?api=1&query=Punjab+Frozen+Enterprises+Gwalior+Madhya+Pradesh,
R.V.S. Cold Storage,Gwalior,Gwalior,Old Chhawani,,,,,,,directory,NaPanta cold storage directory (Gwalior district page),https://www.napanta.com/cold-storage/madhya-pradesh/gwalior/,Contact person per NaPanta: Govind Gupta; city set to district town (source page gives district + locality only) - verify; no phone captured (NaPanta English page masks numbers)
Saroj Cold Storage Pvt. Ltd.,Gwalior,Gwalior,"Baraghat Ind. Area, Gwalior ; Jhansi Road, Vicky Factory",,,,4000 ; 8000,Cold Storage,,official ; directory,"National Horticulture Board (NHB) - list of NHB-assisted cold storages, Madhya Pradesh (sanctions 2000-2009) ; NaPanta cold storage directory (Gwalior district page)",https://nhb.gov.in/doc/Madhya%20Pradesh.pdf ; https://www.napanta.com/cold-storage/madhya-pradesh/gwalior/,"Merged from 2 source rows. NHB sanction 15-Mar-2000 (BPL/CS/11). OLD LIST: NHB assistance sanctioned 2000-2009 (see sanction date); current operation, ownership and capacity not verified | NaPanta lists twice; contact person per NaPanta: Santosh Verma; city set to district town (source page gives district + locality only) - verify; no phone captured (NaPanta English page masks numbers)"
Sudarshan Cold Storage (Fruit and Vegetable),Gwalior,Gwalior,Motijheel,,,,,,,directory,NaPanta cold storage directory (Gwalior district page),https://www.napanta.com/cold-storage/madhya-pradesh/gwalior/,Listed as 'Sudarshan Cold Storage Froot And Vegetavel'; contact person per NaPanta: Arvind Gupta; city set to district town (source page gives district + locality only) - verify; no phone captured (NaPanta English page masks numbers)
Sudarshan Cold Storage And Ice Factory,Gwalior,Gwalior,Chhatri Bazar,,,,1837,,3.5 (11),directory ; google_maps,NaPanta cold storage directory (Gwalior district page) ; Google Maps listing (accessed 5 Oct 2026),https://www.napanta.com/cold-storage/madhya-pradesh/gwalior/ ; https://www.google.com/maps/search/?api=1&query=Sudarshan+Cold+Storage+Gwalior+Madhya+Pradesh,Contact person per NaPanta: Devendra Gupta; city set to district town (source page gives district + locality only) - verify; no phone captured (NaPanta English page masks numbers)
Sudarshan Preservation,Gwalior,Gwalior,"Motijheel, Transport Nagar, Gwalior",,,,,,,directory,NaPanta cold storage directory (Gwalior district page),https://www.napanta.com/cold-storage/madhya-pradesh/gwalior/,Listed as 'Sudarshan Presarvation'; contact person per NaPanta: Jagvendra Gupta; no phone captured (NaPanta English page masks numbers)
Aanad Cold Storage Pvt Ltd,Rau,Indore,Rao Road,,,,4000,,,directory,NaPanta cold storage directory (Indore district page),https://www.napanta.com/cold-storage/madhya-pradesh/indore/,Contact person per NaPanta: Vijay Kumar Narayan Prasad; no phone captured (NaPanta English page masks numbers)
Adarsh Sheet Grah Pvt Ltd,Rau,Indore,"Near Station, Rau; Sanitorium Road, Rau",,,,10000,,,directory,NaPanta cold storage directory (Indore district page),https://www.napanta.com/cold-storage/madhya-pradesh/indore/,NaPanta lists twice (Aadarsh Sheet Grah / Adarsh Sheet Grah Pvt Ltd); contact person per NaPanta: Vishvlal Sharma; no phone captured (NaPanta English page masks numbers)
Agarwal Cold Storage,Rau,Indore,"Shramik Colony, Rau, Dist. Indore",,,,5000,Cold Storage,,official,"National Horticulture Board (NHB) - list of NHB-assisted cold storages, Madhya Pradesh (sanctions 2000-2009)",https://nhb.gov.in/doc/Madhya%20Pradesh.pdf,"NHB sanction 3-Nov-2004 (BPL/CS/71). OLD LIST: NHB assistance sanctioned 2000-2009 (see sanction date); current operation, ownership and capacity not verified"
Akarshit Ice And Cold Storage,Sonvay,Indore,"Village Sonvay, Pithampur Road",,,,6000,,,directory,NaPanta cold storage directory (Indore district page),https://www.napanta.com/cold-storage/madhya-pradesh/indore/,Contact person per NaPanta: Ashok Patel; no phone captured (NaPanta English page masks numbers)
Aman Ice And Cold Storage Pvt. Ltd,Rau,Indore,Rau By Pass,,,,7500,,,directory,NaPanta cold storage directory (Indore district page),https://www.napanta.com/cold-storage/madhya-pradesh/indore/,Contact person per NaPanta: Kuldeep Singh Chhabra; no phone captured (NaPanta English page masks numbers)
Amar Cold Storage,,Indore,,,,,,,,directory,NaPanta cold storage directory (Indore district page),https://www.napanta.com/cold-storage/madhya-pradesh/indore/,Contact person per NaPanta: Mahendra Singh Gautam; no phone captured (NaPanta English page masks numbers)
BRG Amar Cold Chain,Nemawar Rd,Indore,"Khasra 535/1/1 & 539/1, Gram Badeeyakeema, Nemawar Rd",,088892 22297,,,Cold storage (per Google Maps category),4.4 (36),google_maps,Google Maps / Google Search business listing (accessed 5 Oct 2026),https://www.google.com/maps/search/?api=1&query=BRG+Amar+Cold+Chain+Indore+Madhya+Pradesh,
Bagwala Cold Storage,Hatod,Indore,Hatod Paliya Road,,074408 84088,,,,4.8 (11),directory ; google_maps,NaPanta cold storage directory (Indore district page) ; Google Maps listing (accessed 5 Oct 2026),https://www.napanta.com/cold-storage/madhya-pradesh/indore/ ; https://www.google.com/maps/search/?api=1&query=Bagwala+Cold+Storage+Indore+Madhya+Pradesh,Contact person per NaPanta: Jay Ram Yadav; no phone captured (NaPanta English page masks numbers)
Coldrush Logistics Private Limited,Indore,Indore,,,,,,,,directory,IndiaMART,https://m.indiamart.com/city/indore/cold-storage-services.html,IndiaMART lists cold storage service
Devi Shri Ahilya Sahkari Sheet Grih,Tejpur Gadbadi,Indore,"Tejpur Gadbadi, AB Road",,,,6500,,,directory,NaPanta cold storage directory (Indore district page),https://www.napanta.com/cold-storage/madhya-pradesh/indore/,Contact person per NaPanta: Prakash Patil; no phone captured (NaPanta English page masks numbers)
Dhanuka Cold Storage Pvt Ltd,Pigdamber,Indore,"AB Road, Pigdamber",,,,17000,,,directory,NaPanta cold storage directory (Indore district page),https://www.napanta.com/cold-storage/madhya-pradesh/indore/,Contact person per NaPanta: Vinay Roy; no phone captured (NaPanta English page masks numbers)
Gambhir Cold Storage,Hatod,Indore,"Hatod, Marimata Choraha",,,,6000,,,directory,NaPanta cold storage directory (Indore district page),https://www.napanta.com/cold-storage/madhya-pradesh/indore/,Contact person per NaPanta: Anil Varma; no phone captured (NaPanta English page masks numbers)
Gandhi Cold Storage (Unit Gandhi Fertilizer Pvt Ltd),Kapaliya Khedi,Indore,"Village Kapaliya Khedi, 8th Mile, Nemawar Road",,093021 03513,,6000,,4.4 (83),directory ; google_maps,NaPanta cold storage directory (Indore district page) ; Google Maps listing (accessed 5 Oct 2026),https://www.napanta.com/cold-storage/madhya-pradesh/indore/ ; https://www.google.com/maps/search/?api=1&query=Gandhi+Cold+Storage+Indore+Madhya+Pradesh,Contact person per NaPanta: Hansmukh Jain Gandhi; no phone captured (NaPanta English page masks numbers)
Gangotri Cold Storage,Khudel,Indore,"Nemawar Road (NH 47), Khudel, Indore District",452016,,,5000,,,directory,NaPanta cold storage directory (Indore district page) ; Mappls (MapmyIndia) place listing,https://www.napanta.com/cold-storage/madhya-pradesh/indore/ ; https://www.mappls.com:443/place-gangotri+cold+storage+nh+47-indore-indore+district-madhya+pradesh-452016-BUNXDY@WRzdata=MjIuNjgzNDIxKzc2LjA1Njg2NisxNytCVU5YRFk=ed,"Merged from 2 source rows. Contact person per NaPanta: Prakesh Jat; may be same as NHB 'Gangotri Cold', Vill. Lambakheda - verify; no phone captured (NaPanta English page masks numbers) | Address per Mappls place listing (search-indexed title)"
Gaurav Ice And Cold Storage Pvt Ltd,Bijalpur,Indore,"Mundi Road, Bijalpur",,,,6000,,,directory,NaPanta cold storage directory (Indore district page),https://www.napanta.com/cold-storage/madhya-pradesh/indore/,Contact person per NaPanta: Parmanand Patwari; no phone captured (NaPanta English page masks numbers)
Girnar Cold Storage & Warehousing Private Limited,,Indore,,,,,,,,official,NHB cold storage GIS layer (GeoIndiaHandlerGis),https://www.nhb.gov.in/Handlers/GeoIndiaHandlerGis.ashx,"NHB GIS project point (lat 22.4764, long 75.5719) lists it as GINAR COLD STORAGE & WAREHOUSING PVT LTD; IndiaMART lists Girnar Cold Storage & Warehousing Pvt Ltd, Indore (vegetable, flower cold storage, blast freezing); NHB-assisted, year not shown"
Golden Cold Storage,,Indore,Near Station Road,,,,,,,directory,NaPanta cold storage directory (Indore district page),https://www.napanta.com/cold-storage/madhya-pradesh/indore/,Contact person per NaPanta: Aarvind Singh Sethhi; no phone captured (NaPanta English page masks numbers)
Golden Cold Storage And Vegetables,Indore,Indore,Indore,,094250 06649,,,Cold storage (per Google Maps category),4.3 (13),google_maps,Google Maps / Google Search business listing (accessed 5 Oct 2026),https://www.google.com/maps/search/?api=1&query=Golden+Cold+Storage+And+Vegetables+Indore+Madhya+Pradesh,
Gurukripa Cold Storage,Tillore Khurd,Indore,Tillare Khurd,,,,5000,,,directory,NaPanta cold storage directory (Indore district page),https://www.napanta.com/cold-storage/madhya-pradesh/indore/,Listed as 'Gurukrilpa Cold Storage'; contact person per NaPanta: Deepak Bajpai; no phone captured (NaPanta English page masks numbers)
Hari Om Cold Storage,,Indore,,,,,,,,official,NHB cold storage GIS layer (GeoIndiaHandlerGis),https://www.nhb.gov.in/Handlers/GeoIndiaHandlerGis.ashx,"NHB GIS project point (lat 22.6769, long 75.7315); NHB-assisted, year not shown"
Indore Ice And Cold Storage Pvt Ltd,,Indore,,,,,11000,,4.1 (11),directory ; google_maps,NaPanta cold storage directory (Indore district page) ; Google Maps listing (accessed 5 Oct 2026),https://www.napanta.com/cold-storage/madhya-pradesh/indore/ ; https://www.google.com/maps/search/?api=1&query=Indore+Ice+%26+Cold+Storage+Pvt+Ltd+Indore+Madhya+Pradesh,Contact person per NaPanta: Ashok Maheshwari; no phone captured (NaPanta English page masks numbers)
Jagdamba Ice & Cold Storage,Palda,Indore,"Vill. Palda, Indore-Nemawar Road, Indore",,,,5000,Cold Storage,,official ; directory,"National Horticulture Board (NHB) - list of NHB-assisted cold storages, Madhya Pradesh (sanctions 2000-2009) ; NaPanta cold storage directory (Indore district page)",https://nhb.gov.in/doc/Madhya%20Pradesh.pdf ; https://www.napanta.com/cold-storage/madhya-pradesh/indore/,"Merged from 2 source rows. NHB sanction 28-Apr-2004 (BPL/CS/73). OLD LIST: NHB assistance sanctioned 2000-2009 (see sanction date); current operation, ownership and capacity not verified | Contact person per NaPanta: Rajesh Mandloi; no phone captured (NaPanta English page masks numbers)"
Jawahar Ice Factory And Cold Storage,,Indore,103 Polo Ground,,,,1500,,,directory,NaPanta cold storage directory (Indore district page),https://www.napanta.com/cold-storage/madhya-pradesh/indore/,NaPanta lists twice (Javahar Ice And Cold Storage Pvt Ltd at 103 Pologround; Jawahar Ice Factory And Cold Storage 1500 MT); contact persons per NaPanta: Rajkumar Kalvani / Indersen Prabhudas Kalwani; no phone captured (NaPanta English page masks numbers)
Jhawar Ice & Cold Storage,Arjun Baroda,Indore,Arjun Baroda,,,,15000,,,directory,NaPanta cold storage directory (Indore district page),https://www.napanta.com/cold-storage/madhya-pradesh/indore/,Listed as 'Jhwar Ice & Cold Storage'; contact person per NaPanta: Ashok Ladda; no phone captured (NaPanta English page masks numbers)
Kalyan Cold Storage (A unit of M/s Shree Ram & Company),Asrawad Buzurg,Indore,"Village Asrawad Buzurg, Tehsil & Distt. Indore (MP)",,,,,,,official,"NHB beneficiary list 2021-22 (Capital Investment Subsidy, cold storage)",https://nhb.gov.in/pdf/beneficiary%20list%202021-22.pdf,NHB Capital Investment Subsidy released FY 2021-22 (EPC Rs 238 lakh); also on NHB GIS layer
Kishan Sheet Graha,Rau,Indore,"AB Road, Rau",,,,2872,,,directory,NaPanta cold storage directory (Indore district page),https://www.napanta.com/cold-storage/madhya-pradesh/indore/,Listed as 'Kishan Seet Graha'; contact person per NaPanta: Kamal Kishore Varma; no phone captured (NaPanta English page masks numbers)
"MP MARKFED Cold Storage, Panda",Indore,Indore,"Panda, Indore",,,,,,,directory,IndiaMART (MP MARKFED listing),https://m.indiamart.com/city/bhopal/cold-storage-services.html,"IndiaMART listing by MP MARKFED (state marketing federation) says cold warehouse at Panda, Indore (1986) - verify current operation"
"MP MARKFED Cold Storage, Sabzi Mandi",Indore,Indore,"Sabzi Mandi, Indore",,,,,,,directory,IndiaMART (MP MARKFED listing),https://m.indiamart.com/city/bhopal/cold-storage-services.html,"IndiaMART listing by MP MARKFED says cold warehouse at Sabzi Mandi, Indore (1996) - verify current operation"
Maa Annpurna Agri Hatik,,Indore,Betma Road,,,,6000,,,directory,NaPanta cold storage directory (Indore district page),https://www.napanta.com/cold-storage/madhya-pradesh/indore/,Listed as 'Maa Anpurna Agri Hatik'; contact person per NaPanta: Lakan Tawar; no phone captured (NaPanta English page masks numbers)
Maa Annpurna Ice Cold Storage Pvt. Ltd,Indore,Indore,"Mundi Road ; Saptashrungi Nagar, Silicon City, Indore",453331,,,6000,,,directory,NaPanta cold storage directory (Indore district page) ; Mappls (MapmyIndia) place listing,https://www.napanta.com/cold-storage/madhya-pradesh/indore/ ; https://www.mappls.com/UYGYQO,Merged from 2 source rows. Contact person per NaPanta: Amndra Singh; no phone captured (NaPanta English page masks numbers) | Mappls lists 'Maa Annapurna Ice and Cold Storage' at this address
Maa Umiya Ice & Cold Storage,,Indore,Dhar Road,,,Potato,6000,,,directory,NaPanta cold storage directory (Indore district page) ; IndiaMART,https://www.napanta.com/cold-storage/madhya-pradesh/indore/ ; https://m.indiamart.com/city/indore/vegetable-cold-storage.html,"Merged from 2 source rows. Contact person per NaPanta: Mohan Singh Thakur; possibly same as NHB 'Maa Umiya CS', Vill. Navda Panth, Dhar Road; no phone captured (NaPanta English page masks numbers) | IndiaMART lists 'Ma Umia Ice And Cold Storage Private Limited', Indore (potato cold storage) - assumed same business, verify"
Maa Umiya Sahkari Sheet Grah Sanstha Maryadit Jamli,Jamli,Indore,"AB Road, Jamli",,,,10000,,,directory,NaPanta cold storage directory (Indore district page),https://www.napanta.com/cold-storage/madhya-pradesh/indore/,Contact person per NaPanta: Rajeah Patidar; no phone captured (NaPanta English page masks numbers)
Maa Vaishnav Ice And Cold Storage Limited,Rau,Indore,"Rau Rangwasa Road, Rau",,,,7000,,,directory,NaPanta cold storage directory (Indore district page),https://www.napanta.com/cold-storage/madhya-pradesh/indore/,Contact person per NaPanta: Santosh Agarwal; no phone captured (NaPanta English page masks numbers)
Mittal Cold Storage Pvt Ltd,,Indore,AB Road,,,,13000,,,directory,NaPanta cold storage directory (Indore district page),https://www.napanta.com/cold-storage/madhya-pradesh/indore/,NaPanta lists twice (Mittal Cold Storage / Mittal Cold Storage Pvt Ltd); contact persons per NaPanta: Babulal Yadav / Nilesh Chodhary; no phone captured (NaPanta English page masks numbers)
Munmji Cold Storage,Bhorasla,Indore,"Vill. Bhorasla, Ujjain Road",,,,,,,directory,NaPanta cold storage directory (Indore district page),https://www.napanta.com/cold-storage/madhya-pradesh/indore/,Contact person per NaPanta: Mahesh Sharma; no phone captured (NaPanta English page masks numbers)
Narang Cold Storage,Bijalpur,Indore,"Old AB Road, Bijalpur, Indore (opp. Rajendra Nagar Police Station per infoisinfo)",452001,0731 405 8247,,6000,,4.6 (27),directory ; google_maps,NaPanta cold storage directory (Indore district page) ; Mappls (MapmyIndia) place listing; infoisinfo; IndiaMART ; Google Maps listing (accessed 5 Oct 2026),https://www.napanta.com/cold-storage/madhya-pradesh/indore/ ; https://www.mappls.com/bxdck2 ; https://madhya-pradesh-state.infoisinfo.co.in/search/cold_storage ; https://www.indiamart.com/narang-coldstorage/ ; https://www.google.com/maps/search/?api=1&query=Narang+Cold+Storage+and+Ice+Factory+Indore+Madhya+Pradesh,Merged from 2 source rows. Contact person per NaPanta: Abhimanyu Narang; no phone captured (NaPanta English page masks numbers) | Mappls lists 'Narang Cold Storage and Ice Factory'; also on IndiaMART (Indore)
Narayani Cold Storage Pvt. Ltd,"Dongargaon, Mhow",Indore,"AB Road, Dongargaon, Mhow",,,,6000,,,directory,NaPanta cold storage directory (Indore district page),https://www.napanta.com/cold-storage/madhya-pradesh/indore/,Contact person per NaPanta: D.S. Bhati; no phone captured (NaPanta English page masks numbers)
Nature Fresh Storage,,Indore,"205 Samta Nagar ; Samta Nagar, Palda, Indore",452001,,,,,,directory,NaPanta cold storage directory (Indore district page) ; Mappls (MapmyIndia) place listing,https://www.napanta.com/cold-storage/madhya-pradesh/indore/ ; https://www.mappls.com/place-nature+fresh+storage+pvt+ltd+warehouse-dinesh+nagar-palda-indore-madhya+pradesh-452001-3A88T3@zdata=MjIuNjg0NDEyKzc1Ljg5NTA0KzE3KzNBODhUMysred,Merged from 2 source rows. Listed as 'Neture Fresh Storage'; contact person per NaPanta: Ashu Patel; no phone captured (NaPanta English page masks numbers) | Mappls lists 'Nature Fresh Storage Warehouse'
Pegasus Inland Container Depot Pvt. Ltd.,Indore,Indore,,,,,,Cool chain warehouse,,directory,IndiaMART,https://m.indiamart.com/city/indore/cold-storage-services.html,IndiaMART lists cool chain warehouse services
Radhe Gitanjali Ice And Cold Storage,Dudhiya,Indore,"Nemawar Road, Dudhiya",,,,,,,directory,NaPanta cold storage directory (Indore district page),https://www.napanta.com/cold-storage/madhya-pradesh/indore/,Listed as 'Radhe Gitannjali Ice And Cold'; contact person per NaPanta: Gorakhnath Singh Sanger; no phone captured (NaPanta English page masks numbers)
Ravraja Chatakaran Cold Storage Pvt Ltd,Datoda,Indore,"Datoda, Khandwa Road",,,,6000,,,directory,NaPanta cold storage directory (Indore district page),https://www.napanta.com/cold-storage/madhya-pradesh/indore/,Contact person per NaPanta: M.N. Sharma; no phone captured (NaPanta English page masks numbers)
Sagar Sheet Grah Pvt Ltd,Bilawali,Indore,"Vill. Bilaoly, Khandwa Road; Ganesh Nagar, Bilawali, Opp. Queens College",,,,12000,,,directory,NaPanta cold storage directory (Indore district page),https://www.napanta.com/cold-storage/madhya-pradesh/indore/,NaPanta lists twice; contact person per NaPanta: Madan Singh Rana; no phone captured (NaPanta English page masks numbers)
Sahi Sheet Grah,Mhow,Indore,"Santear, near Mhow",,,,,,,directory,NaPanta cold storage directory (Indore district page),https://www.napanta.com/cold-storage/madhya-pradesh/indore/,Listed as 'Sahi Seet Garh'; contact person per NaPanta: Monu Bhatiya; no phone captured (NaPanta English page masks numbers)
Sahkari Sheetgrah Sanstha,,Indore,,,,,16000,,,directory,NaPanta cold storage directory (Indore district page),https://www.napanta.com/cold-storage/madhya-pradesh/indore/,Listed as 'Shakri Sheetgrah Sanstha'; contact person per NaPanta: Suresh Kumar Babdiwala; no phone captured (NaPanta English page masks numbers)
Sanjana Cold Storage,Rau,Indore,"Vill. Rau, Indore",,,,12000,Cold Storage,,official ; directory,"National Horticulture Board (NHB) - list of NHB-assisted cold storages, Madhya Pradesh (sanctions 2000-2009) ; NaPanta cold storage directory (Indore district page)",https://nhb.gov.in/doc/Madhya%20Pradesh.pdf ; https://www.napanta.com/cold-storage/madhya-pradesh/indore/,"Merged from 2 source rows. NHB sanction 2-Nov-2000 (BPL/CS/5). OLD LIST: NHB assistance sanctioned 2000-2009 (see sanction date); current operation, ownership and capacity not verified | Contact person per NaPanta: Nawal Singh Patel; no phone captured (NaPanta English page masks numbers)"
Satish Ice And Cold Storage Pvt Ltd,Rau,Indore,"Shramik Colony, Rau",,094250 53331,,9000,,3.9 (73),directory ; google_maps,NaPanta cold storage directory (Indore district page) ; Google Maps listing (accessed 5 Oct 2026),https://www.napanta.com/cold-storage/madhya-pradesh/indore/ ; https://www.google.com/maps/search/?api=1&query=Satish+Ice+and+Cold+Storage+Pvt+Ltd+Indore+Madhya+Pradesh,Contact person per NaPanta: Prahlad Das Agrawal; no phone captured (NaPanta English page masks numbers)
Shardiya Agritech Pvt Ltd,Simrol,Indore,"Khandwa Road, Simrol",,,,,,,directory,NaPanta cold storage directory (Indore district page),https://www.napanta.com/cold-storage/madhya-pradesh/indore/,Contact person per NaPanta: Santendra Kumar Singh; no phone captured (NaPanta English page masks numbers)
Shiv Shakti Aalu Utpadak,Tillore Khurd,Indore,Tillore Khurd,,,,4000,Potato (cooperative),,directory,NaPanta cold storage directory (Indore district page),https://www.napanta.com/cold-storage/madhya-pradesh/indore/,Listed as 'Shiv Shakti Alu Utpadak'; contact person per NaPanta: Ram Krishna; no phone captured (NaPanta English page masks numbers)
Shreeji Cold Storage,Nemawar Rd,Indore,"Gram Arnya, Nemawar Rd",,099770 37781,,,Cold storage (per Google Maps category),4.5 (46),google_maps,Google Maps / Google Search business listing (accessed 5 Oct 2026),https://www.google.com/maps/search/?api=1&query=Shreeji+Cold+Storage+Indore+Madhya+Pradesh,district verify (Indore/Dewas border)
Shri Ambika Aalu Utpadak Vipanan Evam Prakriya Sahakari,Gawli Palasia,Indore,Gavli Palasiya,,,,10000,Potato (cooperative),,directory,NaPanta cold storage directory (Indore district page),https://www.napanta.com/cold-storage/madhya-pradesh/indore/,Listed as 'Sheeri Ambika Aalu Utpadak Vipnn And Prkriya Sahak' (potato growers' cooperative); contact person per NaPanta: Chagan Lal Bhatiya; no phone captured (NaPanta English page masks numbers)
Shri Dutt Sheetgrah Pvt. Ltd,Bijalpur,Indore,"Mundi Road, Bijalpur",,,,5000,,,directory,NaPanta cold storage directory (Indore district page),https://www.napanta.com/cold-storage/madhya-pradesh/indore/,Contact person per NaPanta: Hitesh; no phone captured (NaPanta English page masks numbers)
Shri Ganesh Cold Storage,Kodariya,Indore,Khodariya,,,,7000,,,directory,NaPanta cold storage directory (Indore district page),https://www.napanta.com/cold-storage/madhya-pradesh/indore/,Listed as 'Seeri Ganesh Colad Store'; contact person per NaPanta: Kailash Chandar; no phone captured (NaPanta English page masks numbers)
Shri Jankeshwar Cold Storage,Rajpura Kutti,Indore,"Rajpura Kutti, Post Yashwant Nagar",,,,6000,,,directory,NaPanta cold storage directory (Indore district page),https://www.napanta.com/cold-storage/madhya-pradesh/indore/,Contact person per NaPanta: Rahul Thakure; no phone captured (NaPanta English page masks numbers)
Shri Krishna Cold Storage,,Indore,,,,,1063,,,directory,NaPanta cold storage directory (Indore district page),https://www.napanta.com/cold-storage/madhya-pradesh/indore/,Contact person per NaPanta: Babulal Choudhary; no phone captured (NaPanta English page masks numbers)
Shruti Snacks Pvt Ltd,Bihardia,Indore,Village Bihardia,,,,,,,directory,NaPanta cold storage directory (Indore district page),https://www.napanta.com/cold-storage/madhya-pradesh/indore/,Listed under cold storage on NaPanta (name suggests a snack manufacturer) - verify; contact person per NaPanta: Dinesh Gupta; no phone captured (NaPanta English page masks numbers)
Shubham Freezers Private Ltd.,,Indore,,,,,,,,official,NHB cold storage GIS layer (GeoIndiaHandlerGis),https://www.nhb.gov.in/Handlers/GeoIndiaHandlerGis.ashx,"NHB GIS project point (lat 22.7534, long 75.8844); NHB-assisted, year not shown"
Singhal Leasing and Construction Pvt. Ltd.,Indore,Indore,"Lasudia Mori, AB Road, Dewas Naka, Indore",,,,444,Cold Storage,,official,"National Horticulture Board (NHB) - list of NHB-assisted cold storages, Madhya Pradesh (sanctions 2000-2009)",https://nhb.gov.in/doc/Madhya%20Pradesh.pdf,"NHB sanction 5-Jan-2001 (BPL/CS/44). OLD LIST: NHB assistance sanctioned 2000-2009 (see sanction date); current operation, ownership and capacity not verified"
Sule Cold Storage,Rau,Indore,Rau,452001,,,11600,,,directory,NaPanta cold storage directory (Indore district page),https://www.napanta.com/cold-storage/madhya-pradesh/indore/,Contact person per NaPanta: Ramesh Patel; no phone captured (NaPanta English page masks numbers)
Swan Cold Storage,Gawli Palasia,Indore,"Gavali Palasia ; Gavali Palasia, Mhow",,,,4800 ; 4500,Cold Storage,,official ; directory,"National Horticulture Board (NHB) - list of NHB-assisted cold storages, Madhya Pradesh (sanctions 2000-2009) ; NaPanta cold storage directory (Indore district page)",https://nhb.gov.in/doc/Madhya%20Pradesh.pdf ; https://www.napanta.com/cold-storage/madhya-pradesh/indore/,"Merged from 2 source rows. NHB sanction 24-Nov-2000 (BPL/CS/32); district per NaPanta Indore listing. OLD LIST: NHB assistance sanctioned 2000-2009 (see sanction date); current operation, ownership and capacity not verified | Contact person per NaPanta: Shubham Pancholiya; no phone captured (NaPanta English page masks numbers)"
Vijaya Cold Storage,,Indore,"AB Road, opposite Veterinary College",,,,,,,directory,NaPanta cold storage directory (Indore district page),https://www.napanta.com/cold-storage/madhya-pradesh/indore/,Contact person per NaPanta: Raju Yadav; no phone captured (NaPanta English page masks numbers)
Virat Cold Storage (India) Pvt. Ltd.,,Indore,,,,,,,,official,NHB cold storage GIS layer (GeoIndiaHandlerGis),https://www.nhb.gov.in/Handlers/GeoIndiaHandlerGis.ashx,"NHB GIS project point (lat 22.791, long 75.7493); NHB-assisted, year not shown"
Virdi Brothers,Indore,Indore,,,,,,,,directory,IndiaMART,https://m.indiamart.com/city/indore/cold-storage-services.html,IndiaMART lists cold storage room rental
Vrindavan Cold Storage Pvt. Ltd,,Indore,"Morod Machla Road, near Khandwa Road",,,,6000,,,directory,NaPanta cold storage directory (Indore district page),https://www.napanta.com/cold-storage/madhya-pradesh/indore/,Contact person per NaPanta: Shivprasad Verma; no phone captured (NaPanta English page masks numbers)
Bhanu Farms Ltd.,,Jabalpur,,,,Fruits & vegetables,,,,official,MoFPI consolidated list of approved cold chain projects (as on 11-03-2025),https://www.mofpi.gov.in/sites/default/files/CONSOLIDATED_LIST_OF_STATE-WISE_394_APPROVED_COLD_CHAIN_PROJECTS_As_on_11-03-2025.pdf,"MoFPI Integrated Cold Chain project, approved 20-09-2013, status Completed (as on 11-03-2025); food-processing cold chain unit - may not offer storage to farmers"
Chaman Cold Storage and Ice Factory,Jabalpur,Jabalpur,"3048, Near ITI, Damoh Road, Jabalpur",482001,092000 01846,,,,5.0 (1),directory ; google_maps,IndiaMART; piceapp GST lookup ; Google Maps listing (accessed 5 Oct 2026),https://m.indiamart.com/city/jabalpur/cold-storage-services.html ; https://piceapp.com/gst-number-search/chaman-cold-storage-and-ice-factory-part-mahesh-kodwani-23aaefc3716h1zv/ ; https://www.google.com/maps/search/?api=1&query=Chaman+Cold+Storage+and+Ice+Factory+Jabalpur+Madhya+Pradesh,Listed on IndiaMART (Jabalpur); address and pincode from GST lookup (piceapp.com) which shows GST registration 'Cancelled Suo Moto' - verify if operating
K.S Agrawal Cold Storage,Jabalpur,Jabalpur,Jabalpur,,,,,Cold storage (per Google Maps category),3.2 (11),google_maps,Google Maps / Google Search business listing (accessed 5 Oct 2026),https://www.google.com/maps/search/?api=1&query=K.S+Agrawal+Cold+Storage+Jabalpur+Madhya+Pradesh,
K.S. Agarwal Cold Storage,Padwarkala,Jabalpur,"Village Padwarkala, Block Panagar",,,,4328,Cold Storage,,official,"National Horticulture Board (NHB) - list of NHB-assisted cold storages, Madhya Pradesh (sanctions 2000-2009)",https://nhb.gov.in/doc/Madhya%20Pradesh.pdf,"NHB sanction 31-Jan-2002 (BPL/CS/52); district from Panagar block (Jabalpur) - verify. OLD LIST: NHB assistance sanctioned 2000-2009 (see sanction date); current operation, ownership and capacity not verified"
Om Agro Products,,Jabalpur,,,,Fruits & vegetables,,,,official,MoFPI consolidated list of approved cold chain projects (as on 11-03-2025),https://www.mofpi.gov.in/sites/default/files/CONSOLIDATED_LIST_OF_STATE-WISE_394_APPROVED_COLD_CHAIN_PROJECTS_As_on_11-03-2025.pdf,"MoFPI Integrated Cold Chain project, approved 25-07-2012, status Completed (as on 11-03-2025); food-processing cold chain unit - may not offer storage to farmers"
S B Warehouse,Jabalpur,Jabalpur,,,,Green peas,,,,directory,IndiaMART,https://m.indiamart.com/city/jabalpur/cold-storage-services.html,IndiaMART lists green peas cold storage service
Shree Uttam Food Products (India) Pvt. Ltd.,,Jhabua,,,,Fruits & vegetables,,,,official,MoFPI consolidated list of approved cold chain projects (as on 11-03-2025),https://www.mofpi.gov.in/sites/default/files/CONSOLIDATED_LIST_OF_STATE-WISE_394_APPROVED_COLD_CHAIN_PROJECTS_As_on_11-03-2025.pdf,"MoFPI Integrated Cold Chain project, approved 22-05-2015, status Ongoing (as on 11-03-2025)"
Aakash Cold Store (fruit & vegetable processing unit),Katni,Katni,"Near S.S. Warehouse, Krishi Upaj Mandi, Katni",,,,,Cold storage (per Google Maps category),5.0 (4),google_maps,Google Maps / Google Search business listing (accessed 5 Oct 2026),https://www.google.com/maps/search/?api=1&query=Aakash+Cold+Store+%28fruit+%26+vegetable+processing+unit%29+Katni+Madhya+Pradesh,
Kela Cold Store,Katni,Katni,Katni,,,,,Cold storage (per Google Maps category),3.7 (6),google_maps,Google Maps / Google Search business listing (accessed 5 Oct 2026),https://www.google.com/maps/search/?api=1&query=Kela+Cold+Store+Katni+Madhya+Pradesh,
Pandey Cold Storage,Katni,Katni,,,9302994040,,,,5.0 (3),directory ; google_maps ; google_maps,"IndiaMART ; Google Maps listing (accessed 5 Oct 2026) ; Google Maps listing (accessed 5 Oct 2026) ; NaPanta Hindi district page (cross-checked via ChatGPT research, Oct 2026)",https://m.indiamart.com/city/katni/cold-storage-services.html ; https://www.google.com/maps/search/?api=1&query=Pandey+Cold+Storage+Katni+Madhya+Pradesh ; https://www.google.com/maps/search/?api=1&query=Pandey+Cold+Storage+%28Kataya+Ghat+Road%29+Katni+Madhya+Pradesh,IndiaMART; 13 yrs on IndiaMART
Pandey Ice Factory,Katni,Katni,"18 Industrial Area, Katni",,9425151810,,262,Cold storage,,directory,"NaPanta Hindi district page (cross-checked via ChatGPT research, Oct 2026)",https://www.napanta.com/hi/cold-storage/madhya-pradesh/katni,name spelling as listed on source
Shrinivas Padmavati Cold Storage,Katni,Katni,"Near railway fatak, Katni",,,,,Cold storage (per Google Maps category),5.0 (1),google_maps,Google Maps / Google Search business listing (accessed 5 Oct 2026),https://www.google.com/maps/search/?api=1&query=Shrinivas+Padmavati+Cold+Storage+Katni+Madhya+Pradesh,
Royal Cold Storage,Khandwa Rd,Khandwa,Khandwa Rd,,,,,Cold storage (per Google Maps category),2.0 (3),google_maps ; google_maps,Google Maps / Google Search business listing (accessed 5 Oct 2026) ; Google Maps listing (accessed 5 Oct 2026),https://www.google.com/maps/search/?api=1&query=Royal+Cold+Storage+Khandwa+Madhya+Pradesh ; https://www.google.com/maps/search/?api=1&query=Royal+Cold+Storage+%28Indore-Khandwa+Rd%29+Khandwa+Madhya+Pradesh,
Satnam Cold Storage,Pandhana-Khandwa Main Rd,Khandwa,Pandhana-Khandwa Main Rd,,,,,Cold storage (per Google Maps category),5.0 (1),google_maps,Google Maps / Google Search business listing (accessed 5 Oct 2026),https://www.google.com/maps/search/?api=1&query=Satnam+Cold+Storage+Khandwa+Madhya+Pradesh,
Kaveri Cold Storage,,Khargone,,,,,,,,official,NHB cold storage GIS layer (GeoIndiaHandlerGis),https://www.nhb.gov.in/Handlers/GeoIndiaHandlerGis.ashx,"NHB GIS project point (lat 22.1471, long 76.0087); NHB lists district as 'Khargaon'; NHB-assisted, year not shown"
N.K. Agro Cold Storages Private Limited,,Khargone,,,,,,,4.4 (21),official ; google_maps,NHB cold storage GIS layer (GeoIndiaHandlerGis) ; Google Maps listing (accessed 5 Oct 2026),https://www.nhb.gov.in/Handlers/GeoIndiaHandlerGis.ashx ; https://www.google.com/maps/search/?api=1&query=N+K+Agro+Cold+Storages+Pvt+Ltd+Khargone+Madhya+Pradesh,"NHB GIS project point (lat 22.1433, long 76.0021); NHB lists district as 'Khargaon'; NHB-assisted, year not shown"
Narang Cold Storage (Nimrani),Nimrani,Khargone,"AB Road, Opposite Maral Overseas, Nimrani Food Processing Park, Teh. Kasrawad",451660,,,,,,directory,Mappls (MapmyIndia) place listing,https://www.mappls.com/place-narang+cold+storage+nimrani+food+processing+park+nimrani-UWJKFN@zdata=MjIuMTI4MDc2MDAwMDAwMSs3NS40NDY0NjEwMDAwMDAxKzE3K1VXSktGTg==ed,Separate Narang unit per Mappls; district from Kasrawad tehsil (Khargone) - verify
Arihant Cold,Mandsaur,Mandsaur,Mandsaur,,097558 72444,,,Cold storage (per Google Maps category),4.5 (2),google_maps,Google Maps / Google Search business listing (accessed 5 Oct 2026),https://www.google.com/maps/search/?api=1&query=Arihant+Cold+Mandsaur+Madhya+Pradesh,
Goyal Traders,Mandsaur,Mandsaur,Mandsaur,,,,,Cold storage (per Google Maps category),,google_maps,Google Maps / Google Search business listing (accessed 5 Oct 2026),https://www.google.com/maps/search/?api=1&query=Goyal+Traders+Mandsaur+Madhya+Pradesh,Google category: cold storage facility
Indo Cold,Mandsaur,Mandsaur,"Near Gujarat Ambuja Exports Pvt Ltd, Mandsaur",,,,,Cold storage (per Google Maps category),3.8 (4),google_maps,Google Maps / Google Search business listing (accessed 5 Oct 2026),https://www.google.com/maps/search/?api=1&query=Indo+Cold+Mandsaur+Madhya+Pradesh,
Sai Baba Fruit Company,Mandsaur,Mandsaur,"Industrial Area, Slate Pencil Complex, Mandsaur",,070007 03227,,,Cold storage (per Google Maps category),5.0 (2),google_maps,Google Maps / Google Search business listing (accessed 5 Oct 2026),https://www.google.com/maps/search/?api=1&query=Sai+Baba+Fruit+Company+Mandsaur+Madhya+Pradesh,fruit business with cold storage
Balaji Cold Storage,Ambah,Morena,"Ambah, Morena",,,,5000,Cold Storage,,official,"National Horticulture Board (NHB) - list of NHB-assisted cold storages, Madhya Pradesh (sanctions 2000-2009)",https://nhb.gov.in/doc/Madhya%20Pradesh.pdf,"NHB sanction 6-Oct-2008 (BPL.CS.103). OLD LIST: NHB assistance sanctioned 2000-2009 (see sanction date); current operation, ownership and capacity not verified"
Govind Ice and Cold Storage,Morena,Morena,Morena ; AB Road,,9893439649,,2500,Cold Storage,,official ; directory,"National Horticulture Board (NHB) - list of NHB-assisted cold storages, Madhya Pradesh (sanctions 2000-2009) ; NaPanta cold storage directory (Morena district page) ; NaPanta Hindi district page (cross-checked via ChatGPT research, Oct 2026)",https://nhb.gov.in/doc/Madhya%20Pradesh.pdf ; https://www.napanta.com/cold-storage/madhya-pradesh/morena/,"Merged from 2 source rows. NHB sanction 2-Mar-2000 (BPL/CS/01). OLD LIST: NHB assistance sanctioned 2000-2009 (see sanction date); current operation, ownership and capacity not verified | Listed as 'Govind Cold Store'; contact person per NaPanta: Radha Charan Pathak; city set to district town (source page gives district + locality only) - verify; no phone captured (NaPanta English page masks numbers)"
Kamadgiri Cold Storage Pvt. Ltd.,Morena,Morena,"Chaunda, Morena; also S. No. 276, 277, 279, Mile Stone 2 Km, A.B. Road, Morena",,,,3234; 1925 (expansion); 1978,Cold Storage,,official,"National Horticulture Board (NHB) - list of NHB-assisted cold storages, Madhya Pradesh (sanctions 2000-2009)",https://nhb.gov.in/doc/Madhya%20Pradesh.pdf,"NHB sanctions 28-Mar-2000 (BPL/CS/12, 3234 MT), 2-Apr-2003 expansion (BPL/CS/62, 1925 MT), 15-Jan-2009 (BPL.CS.102, 1978 MT). OLD LIST: NHB assistance sanctioned 2000-2009 (see sanction date); current operation, ownership and capacity not verified"
Kishori Kripa,,Morena,,,,,,,,directory,NaPanta cold storage directory (Morena district page),https://www.napanta.com/cold-storage/madhya-pradesh/morena/,Contact person per NaPanta: Nikhil Singhal; no phone captured (NaPanta English page masks numbers)
Modi Cold Storage Pvt. Ltd.,Morena,Morena,"A.B. Road, Near Old Sales Tax Barrier, Morena ; AB Road, Beriyar",,092000 00268 ; 9755308535,,4738 ; 5000,Cold Storage,3.4 (33),official ; directory ; google_maps,"National Horticulture Board (NHB) - list of NHB-assisted cold storages, Madhya Pradesh (sanctions 2000-2009) ; NaPanta cold storage directory (Morena district page) ; Google Maps listing (accessed 5 Oct 2026)",https://nhb.gov.in/doc/Madhya%20Pradesh.pdf ; https://www.napanta.com/cold-storage/madhya-pradesh/morena/ ; https://www.google.com/maps/search/?api=1&query=Modi+Cold+Storage+Morena+Madhya+Pradesh,"Merged from 2 source rows. NHB sanction 31-Jan-2003 (BPL/CS/61). OLD LIST: NHB assistance sanctioned 2000-2009 (see sanction date); current operation, ownership and capacity not verified | Contact person per NaPanta: Indralal Kushwah; city set to district town (source page gives district + locality only) - verify; no phone captured (NaPanta English page masks numbers)"
Neelam Preservation,Morena,Morena,"Bamore Road, Industrial Area",,9425116125,,1880,,,directory,"NaPanta cold storage directory (Morena district page) ; NaPanta Hindi district page (cross-checked via ChatGPT research, Oct 2026)",https://www.napanta.com/cold-storage/madhya-pradesh/morena/,Contact person per NaPanta: Vipin Agarwal; city set to district town (source page gives district + locality only) - verify; no phone captured (NaPanta English page masks numbers)
Padeep Cold Storage,Morena,Morena,"Industrial Area, AB Road, Morena",,9425126144,,2414,Cold storage,,directory,"NaPanta Hindi district page (cross-checked via ChatGPT research, Oct 2026)",https://www.napanta.com/hi/cold-storage/madhya-pradesh/morena,name spelling as listed on source
Parwati Cold Storage,Morena,Morena,AB Road,,,,,,,directory,NaPanta cold storage directory (Morena district page),https://www.napanta.com/cold-storage/madhya-pradesh/morena/,Contact person per NaPanta: Anand Kumar Sharma; city set to district town (source page gives district + locality only) - verify; no phone captured (NaPanta English page masks numbers)
Pradeep Cold Storage,Morena,Morena,"Industrial Area, AB Road",,,,2414,,,directory,NaPanta cold storage directory (Morena district page),https://www.napanta.com/cold-storage/madhya-pradesh/morena/,Listed as 'Padeep Cold Storage'; contact person per NaPanta: Pradeep Garg; city set to district town (source page gives district + locality only) - verify; no phone captured (NaPanta English page masks numbers)
Prashant Ice and Cold Storage,Morena,Morena,Morena,,,,3538,Cold Storage,,official,"National Horticulture Board (NHB) - list of NHB-assisted cold storages, Madhya Pradesh (sanctions 2000-2009)",https://nhb.gov.in/doc/Madhya%20Pradesh.pdf,"NHB sanction 2-Mar-2000 (BPL/CS/2). OLD LIST: NHB assistance sanctioned 2000-2009 (see sanction date); current operation, ownership and capacity not verified"
Sahara Frozen Foods,,Morena,,,,Fruits & vegetables,,,,official,MoFPI consolidated list of approved cold chain projects (as on 11-03-2025),https://www.mofpi.gov.in/sites/default/files/CONSOLIDATED_LIST_OF_STATE-WISE_394_APPROVED_COLD_CHAIN_PROJECTS_As_on_11-03-2025.pdf,"MoFPI Integrated Cold Chain project, approved 12-10-2018, status Completed (as on 11-03-2025)"
Seeta Ice & Cold Storage Pvt Ltd,Morena,Morena,"In front of Commissioner office, Morena",,,,,Cold storage (per Google Maps category),5.0 (3),google_maps,Google Maps / Google Search business listing (accessed 5 Oct 2026),https://www.google.com/maps/search/?api=1&query=Seeta+Ice+%26+Cold+Storage+Pvt+Ltd+Morena+Madhya+Pradesh,
Shivam Cold Storage,Morena,Morena,Morena,,,,2500,Cold Storage,,official,"National Horticulture Board (NHB) - list of NHB-assisted cold storages, Madhya Pradesh (sanctions 2000-2009)",https://nhb.gov.in/doc/Madhya%20Pradesh.pdf,"NHB sanction 1-Mar-2001 (BPL/CS/7). OLD LIST: NHB assistance sanctioned 2000-2009 (see sanction date); current operation, ownership and capacity not verified"
Sita Ice & Cold Storage,Jaura Khurd,Morena,"Vill. Jaura Khurd, Morena",,,,4000,Cold Storage,,official,"National Horticulture Board (NHB) - list of NHB-assisted cold storages, Madhya Pradesh (sanctions 2000-2009)",https://nhb.gov.in/doc/Madhya%20Pradesh.pdf,"NHB sanction 18-Jun-2001 (BPL/CS/45). OLD LIST: NHB assistance sanctioned 2000-2009 (see sanction date); current operation, ownership and capacity not verified"
Sitadevi Cold Storage,Morena,Morena,AB Road,,9039978766,,3200,,,directory,"NaPanta cold storage directory (Morena district page) ; NaPanta Hindi district page (cross-checked via ChatGPT research, Oct 2026)",https://www.napanta.com/cold-storage/madhya-pradesh/morena/,Contact person per NaPanta: Amrendra Savita; city set to district town (source page gives district + locality only) - verify; no phone captured (NaPanta English page masks numbers)
Siya Devi Ice Factory & Cold Storage,,Morena,,,9425126168,,4000,,,directory,"NaPanta cold storage directory (Morena district page) ; NaPanta Hindi district page (cross-checked via ChatGPT research, Oct 2026)",https://www.napanta.com/cold-storage/madhya-pradesh/morena/,Contact person per NaPanta: H. Kapil Agarwal; no phone captured (NaPanta English page masks numbers)
Suresh Cold Storage & Ice Factory,Morena,Morena,"A.B. Road, Morena ; Industrial Area 43",,8103282193,,1871 ; 1347,Cold Storage,,official ; directory,"National Horticulture Board (NHB) - list of NHB-assisted cold storages, Madhya Pradesh (sanctions 2000-2009) ; NaPanta cold storage directory (Morena district page) ; NaPanta Hindi district page (cross-checked via ChatGPT research, Oct 2026)",https://nhb.gov.in/doc/Madhya%20Pradesh.pdf ; https://www.napanta.com/cold-storage/madhya-pradesh/morena/,"Merged from 2 source rows. NHB sanction 4-Jan-2003 (BPL/CS/65). OLD LIST: NHB assistance sanctioned 2000-2009 (see sanction date); current operation, ownership and capacity not verified | Listed as 'Suresh Cold Store'; contact person per NaPanta: Foran Singh Jadon; city set to district town (source page gives district + locality only) - verify; no phone captured (NaPanta English page masks numbers)"
Padam Shree Multi Commodity Cold Storage,Pipariya,Narmadapuram (Hoshangabad),"Pipariya, Hoshangabad",,,,3000,Multi-commodity Cold Storage,,official,"National Horticulture Board (NHB) - list of NHB-assisted cold storages, Madhya Pradesh (sanctions 2000-2009)",https://nhb.gov.in/doc/Madhya%20Pradesh.pdf,"NHB sanction 13-Jan-2006 (BPL.CS.85). OLD LIST: NHB assistance sanctioned 2000-2009 (see sanction date); current operation, ownership and capacity not verified"
AHB Cold Storage,Neemuch,Neemuch,29 Industrial Area,,9425106221,,,,,directory,NaPanta cold storage directory (Neemuch district page),https://www.napanta.com/hi/cold-storage/madhya-pradesh/neemuch,Contact person per NaPanta: Anwer Hussain; city set to district town (source page gives district + locality only) - verify; phone as printed on NaPanta Hindi-language page for the listed contact person (may be a personal mobile and/or outdated - confirm before publishing)
Nakoda Ripening Chambers,Neemuch,Neemuch,,,,Onion,,Ripening chamber / onion cold storage,,directory,IndiaMART,https://m.indiamart.com/city/neemuch/cold-storage-services.html,IndiaMART lists onion cold storage services
Shree Nakoda Cold Storage,Neemuch,Neemuch,"Veer Park Rd, Neemuch",,062612 30045,,,Cold storage (per Google Maps category),5.0 (2),google_maps,Google Maps / Google Search business listing (accessed 5 Oct 2026),https://www.google.com/maps/search/?api=1&query=Shree+Nakoda+Cold+Storage+Neemuch+Madhya+Pradesh,
Kajal Cold Storage,Devendrapura,Niwari,"Village Devendrapura, Niwari, District Tikamgarh",,9415401017,,1650 ; 3608,Cold Storage,,official ; directory,"National Horticulture Board (NHB) - list of NHB-assisted cold storages, Madhya Pradesh (sanctions 2000-2009) ; NaPanta cold storage directory (Tikamgarh district page)",https://nhb.gov.in/doc/Madhya%20Pradesh.pdf ; https://www.napanta.com/hi/cold-storage/madhya-pradesh/tikamgarh,"Merged from 2 source rows. NHB sanction 21-Apr-2001 (BPL/CS/42); source lists Tikamgarh district (Niwari became a separate district in 2018). OLD LIST: NHB assistance sanctioned 2000-2009 (see sanction date); current operation, ownership and capacity not verified | Contact person per NaPanta: Khamchand Gupta; NaPanta lists 'Kajal Cold Storage Pvt. Ltd' under Tikamgarh district (Niwari district was carved out of Tikamgarh in 2018; NHB places it at Devendrapura, Niwari); phone as printed on NaPanta Hindi-language page for the listed contact person (may be a personal mobile and/or outdated - confirm before publishing)"
Ramraja Cold Storage,Orchha area,Niwari,Orchha area,,,,,Cold storage (per Google Maps category),,google_maps,Google Maps / Google Search business listing (accessed 5 Oct 2026),https://www.google.com/maps/search/?api=1&query=Ramraja+Cold+Storage+Niwari+Madhya+Pradesh,two Google pins with this name; district inferred from map location - verify
Tirupati Fruits (तिरुपति फ्रूट्स),Raisen 464551,Raisen,Raisen 464551,464551,,,,Cold storage (per Google Maps category),,google_maps,Google Maps / Google Search business listing (accessed 5 Oct 2026),https://www.google.com/maps/search/?api=1&query=Tirupati+Fruits+%28%E0%A4%A4%E0%A4%BF%E0%A4%B0%E0%A5%81%E0%A4%AA%E0%A4%A4%E0%A4%BF+%E0%A4%AB%E0%A5%8D%E0%A4%B0%E0%A5%82%E0%A4%9F%E0%A5%8D%E0%A4%B8%29+Raisen+Madhya+Pradesh,fruit business listed as cold storage facility - verify
HFC Cold Storage (Shoaib),Ratlam 457001,Ratlam,"Harmala Rd, Laxmi Nagar, Bohra Bakhal, Ratlam 457001",457001,,,,Cold storage (per Google Maps category),5.0 (2),google_maps,Google Maps / Google Search business listing (accessed 5 Oct 2026),https://www.google.com/maps/search/?api=1&query=HFC+Cold+Storage+%28Shoaib%29+Ratlam+Madhya+Pradesh,
Manjeet Cold Storage And Ice Factory,Ratlam,Ratlam,,,,,,,,directory,IndiaMART,https://m.indiamart.com/city/ratlam/cold-storage-services.html,IndiaMART
Parshavnath Agro Facilities And Ware House,Ratlam,Ratlam,,,,,,Temperature-controlled warehouse,,directory,IndiaMART,https://m.indiamart.com/city/ratlam/cold-storage-services.html,IndiaMART
Bhaghwar Cold Storage,Rewa district,Rewa,Rewa district,,,,,Cold storage (per Google Maps category),3.8 (4),google_maps,Google Maps / Google Search business listing (accessed 5 Oct 2026),https://www.google.com/maps/search/?api=1&query=Bhaghwar+Cold+Storage+Rewa+Madhya+Pradesh,
Bhagwan Sheet Bhandar,Rewa,Rewa,,,9993712400,,2200,,4.9 (45),directory ; google_maps,NaPanta cold storage directory (Rewa district page) ; Google Maps listing (accessed 5 Oct 2026),https://www.napanta.com/hi/cold-storage/madhya-pradesh/rewa ; https://www.google.com/maps/search/?api=1&query=Bhagwan+Sheet+Bhandar+%28Bela%29+and+Ice+Factory+Rewa+Madhya+Pradesh,Contact person per NaPanta: Vijay Singh Sengar; city set to district town (source page gives district + locality only) - verify; phone as printed on NaPanta Hindi-language page for the listed contact person (may be a personal mobile and/or outdated - confirm before publishing)
Laxmi Cold Storage,Rewa,Rewa,"823/1, Gud Road, Rewa",,9926315851,,972,,5.0 (4),directory ; google_maps,NaPanta cold storage directory (Rewa district page) ; IndiaMART ; Google Maps listing (accessed 5 Oct 2026),https://www.napanta.com/hi/cold-storage/madhya-pradesh/rewa ; https://m.indiamart.com/city/rewa/cold-storage-services.html ; https://www.google.com/maps/search/?api=1&query=Laxmi+Cold+Storage+Rewa+Madhya+Pradesh,Merged from 2 source rows. Contact person per NaPanta: Ravindar Kumar Tamrkar; phone as printed on NaPanta Hindi-language page for the listed contact person (may be a personal mobile and/or outdated - confirm before publishing) | IndiaMART lists cold storage room rental services
S & S Agros,Rewa,Rewa,,,,Seeds,,Seed cold storage,,directory,IndiaMART,https://m.indiamart.com/city/rewa/cold-storage-services.html,IndiaMART lists seed cold storage
Janta Cold Storage and Ice Factory,Sagar,Sagar,Sagar,,,,,Cold storage (per Google Maps category),,google_maps,IndiaMART via Google Search,https://www.google.com/maps/search/?api=1&query=Janta+Cold+Storage+and+Ice+Factory+Sagar+Madhya+Pradesh,IndiaMART listing (seen in Google results); address/phone not shown in snippet - verify
Mahalaxmi Cold Store,Sagar,Sagar,Sagar,,,,,Cold storage (per Google Maps category),,google_maps,Justdial via Google Search,https://www.google.com/maps/search/?api=1&query=Mahalaxmi+Cold+Store+Sagar+Madhya+Pradesh,Named in Justdial 'Cold Storage Services in Sagar' snippet on Google; details not verified
Shiv Shankar Cold Storage,Sagar 470002),Sagar,"Bhopal-Khurai bypass road, village Bamhori Rengua (Justdial: Subhash Nagar, near New Galla Mandi / New Krishi Upaj Mandi, Khurai Bypass Road, Sagar 470002)",470002,099937 39544,,,Cold storage (per Google Maps category),3.7 (12),google_maps,Google Maps / Google Search business listing (accessed 5 Oct 2026),https://www.google.com/maps/search/?api=1&query=Shiv+Shankar+Cold+Storage+Sagar+Madhya+Pradesh,
ShriRam Warehouse,Bina,Sagar,Bina,,096693 13999,,,Cold storage (per Google Maps category),,google_maps,Google Maps / Google Search business listing (accessed 5 Oct 2026),https://www.google.com/maps/search/?api=1&query=ShriRam+Warehouse+Sagar+Madhya+Pradesh,Listed on Google Maps as Cold storage facility (Bina)
Gopal Sheet Bhandar & Ice Factory,Satna,Satna,,,9425837724,,2400,,5.0 (1),directory ; google_maps,NaPanta cold storage directory (Satna district page) ; Google Maps listing (accessed 5 Oct 2026),https://www.napanta.com/hi/cold-storage/madhya-pradesh/satna ; https://www.google.com/maps/search/?api=1&query=Gopal+Sheet+Bhandar+Satna+Madhya+Pradesh,Contact person per NaPanta: Sumit Tamrkar; city set to district town (source page gives district + locality only) - verify; phone as printed on NaPanta Hindi-language page for the listed contact person (may be a personal mobile and/or outdated - confirm before publishing)
Jain Brothers And Co.,Satna,Satna,,,,,,,,directory,IndiaMART,https://m.indiamart.com/city/satna/cold-storage-services.html,IndiaMART lists cold store service
Mahadev Cold Storage,Satna,Satna,,,9827003115,,2347,,,directory,NaPanta cold storage directory (Satna district page),https://www.napanta.com/hi/cold-storage/madhya-pradesh/satna,Contact person per NaPanta: Manoj Jain; city set to district town (source page gives district + locality only) - verify; phone as printed on NaPanta Hindi-language page for the listed contact person (may be a personal mobile and/or outdated - confirm before publishing)
Sitaram Cold Storage,Satna,Satna,"Plot No. 59/1, Industrial Area, Satna",,9425394374,,5000,Cold Storage,,official ; directory,"National Horticulture Board (NHB) - list of NHB-assisted cold storages, Madhya Pradesh (sanctions 2000-2009) ; NaPanta cold storage directory (Satna district page)",https://nhb.gov.in/doc/Madhya%20Pradesh.pdf ; https://www.napanta.com/hi/cold-storage/madhya-pradesh/satna,"Merged from 2 source rows. NHB sanction 28-Mar-2003 (BPL/CS/63). OLD LIST: NHB assistance sanctioned 2000-2009 (see sanction date); current operation, ownership and capacity not verified | Listed as 'Sitaram Cold Storage P.V.T.Lmd'; contact person per NaPanta: Asish Choodaha; city set to district town (source page gives district + locality only) - verify; phone as printed on NaPanta Hindi-language page for the listed contact person (may be a personal mobile and/or outdated - confirm before publishing)"
Unic Sales,Satna,Satna,,,,"Fruits, vegetables, dairy products, agricultural products",,Cold storage (-20C to 25C),,directory,IndiaMART,https://m.indiamart.com/city/satna/cold-storage-services.html,IndiaMART: 'Cold Storage Facility In Satna'
Bhagirath Cold Storage,,Shajapur,"28, A.B. Road, Shajapur (registered office)",,9479428881,,4662,,,directory,NaPanta cold storage directory (Shajapur district page) ; Zaubacorp (MCA company registry),https://www.napanta.com/hi/cold-storage/madhya-pradesh/shajapur ; https://www.zaubacorp.com/BHAGIRATH-COLD-STORAGE-PRIVATE-LIMITED-U63022MP1996PTC010941,"Merged from 2 source rows. Contact person per NaPanta: Dhurendar Choudhary; phone as printed on NaPanta Hindi-language page for the listed contact person (may be a personal mobile and/or outdated - confirm before publishing) | MCA registry via Zaubacorp: Bhagirath Cold Storage Private Limited, CIN U63022MP1996PTC010941, status Active"
Choudhary Ice And Cold Storage Pvt.,,Shajapur,,,9407212121,,12000,,,directory,NaPanta cold storage directory (Shajapur district page),https://www.napanta.com/hi/cold-storage/madhya-pradesh/shajapur,Contact person per NaPanta: Manoj Choudhary; phone as printed on NaPanta Hindi-language page for the listed contact person (may be a personal mobile and/or outdated - confirm before publishing)
Devi Ajodhya,Barwal,Shajapur,"NH3, Barwal",,9826359240,,,,,directory,NaPanta cold storage directory (Shajapur district page),https://www.napanta.com/hi/cold-storage/madhya-pradesh/shajapur,Contact person per NaPanta: Gajendar Patidar; phone as printed on NaPanta Hindi-language page for the listed contact person (may be a personal mobile and/or outdated - confirm before publishing)
Devi Kashi Cold Storage India Pvt. Ltd.,Shujalpur,Shajapur,"Ashta Road, Shujalpur",,9826055471,,,,,official ; directory,NHB cold storage GIS layer (GeoIndiaHandlerGis) ; NaPanta cold storage directory (Shajapur district page),https://www.nhb.gov.in/Handlers/GeoIndiaHandlerGis.ashx ; https://www.napanta.com/hi/cold-storage/madhya-pradesh/shajapur,"Merged from 2 source rows. NHB GIS project point (lat 23.3414, long 76.7193); NHB-assisted, year not shown | Contact person per NaPanta: Sanjey Choudhary; phone as printed on NaPanta Hindi-language page for the listed contact person (may be a personal mobile and/or outdated - confirm before publishing)"
Gita Cold Storage,Barwal,Shajapur,"NH3, AB Road, Barwal",,9713905005,,,,,directory,NaPanta cold storage directory (Shajapur district page),https://www.napanta.com/hi/cold-storage/madhya-pradesh/shajapur,Contact person per NaPanta: Satyaenarayan Malviya; same phone listed for Gita and Mama Cold Storage; phone as printed on NaPanta Hindi-language page for the listed contact person (may be a personal mobile and/or outdated - confirm before publishing)
Jai Kisan Agro Cold Storage,Barwal,Shajapur,"AB Road, Village Barwal",,9425083108,,,,,directory,NaPanta cold storage directory (Shajapur district page),https://www.napanta.com/hi/cold-storage/madhya-pradesh/shajapur,Contact person per NaPanta: Sanjay Bargadiya; phone as printed on NaPanta Hindi-language page for the listed contact person (may be a personal mobile and/or outdated - confirm before publishing)
Ma Sharda Ice And Cold Storage,,Shajapur,,,9424874858,,,,,directory,NaPanta cold storage directory (Shajapur district page),https://www.napanta.com/hi/cold-storage/madhya-pradesh/shajapur,Contact person per NaPanta: Gori Shankar Patidar; phone as printed on NaPanta Hindi-language page for the listed contact person (may be a personal mobile and/or outdated - confirm before publishing)
Mama Cold Storage,Barwal,Shajapur,"NH3, AB Road, Barwal",,9713905005,,,,,directory,NaPanta cold storage directory (Shajapur district page),https://www.napanta.com/hi/cold-storage/madhya-pradesh/shajapur,Contact person per NaPanta: Satyanarayan Malvi; same phone listed for Gita and Mama Cold Storage; phone as printed on NaPanta Hindi-language page for the listed contact person (may be a personal mobile and/or outdated - confirm before publishing)
R.S. Cold & Ware Houses,,Shajapur,,,094244 04444,"Grain, fruits, vegetables",,,4.1 (9),official ; directory ; google_maps,NHB cold storage GIS layer (GeoIndiaHandlerGis) ; IndiaMART ; Google Maps listing (accessed 5 Oct 2026),https://www.nhb.gov.in/Handlers/GeoIndiaHandlerGis.ashx ; https://m.indiamart.com/rs-cold-warehouses/ ; https://www.google.com/maps/search/?api=1&query=R.S.+Cold+%26+Warehouses+Shajapur+Madhya+Pradesh,"Merged from 2 source rows. NHB GIS project point (lat 23.4484, long 76.3221); NHB-assisted, year not shown | IndiaMART lists 'R.S. Cold & Warehouses', Shajapur (grain/fruit/vegetable cold store)"
Sagar Cold Store,Maksi,Shajapur,Maksi,,,,,Cold storage (per Google Maps category),,google_maps,Google Maps / Google Search business listing (accessed 5 Oct 2026),https://www.google.com/maps/search/?api=1&query=Sagar+Cold+Store+Shajapur+Madhya+Pradesh,located at Maksi (not Sagar city)
Sardar Patel Cold Storage,Alaumrodh,Shajapur,Alaumrodh,,9424028087,,,,4.4 (23),directory ; google_maps,NaPanta cold storage directory (Shajapur district page) ; Google Maps listing (accessed 5 Oct 2026),https://www.napanta.com/hi/cold-storage/madhya-pradesh/shajapur ; https://www.google.com/maps/search/?api=1&query=Sardar+Patel+Cold+Storage+Shajapur+Madhya+Pradesh,Contact person per NaPanta: Ajay Gothi; phone as printed on NaPanta Hindi-language page for the listed contact person (may be a personal mobile and/or outdated - confirm before publishing)
Shree Shiv Khandsari Sugar Mills (Unit Sagar Ice),,Shajapur,,,9425317601,,,,,directory,NaPanta cold storage directory (Shajapur district page),https://www.napanta.com/hi/cold-storage/madhya-pradesh/shajapur,Contact person per NaPanta: Purshottam Agrawal; phone as printed on NaPanta Hindi-language page for the listed contact person (may be a personal mobile and/or outdated - confirm before publishing)
Ayush Cold Storage,Agra-Mumbai Rd,Shivpuri,"Nohari Kalan, Agra-Mumbai Rd",,,,,Cold storage (per Google Maps category),4.4 (5),google_maps,Google Maps / Google Search business listing (accessed 5 Oct 2026),https://www.google.com/maps/search/?api=1&query=Ayush+Cold+Storage+Shivpuri+Madhya+Pradesh,
Baba Devpuri Cold Storage,Kakarvaya,Shivpuri,"Mauza Kakarvaya, A.B. Road, Shivpuri ; AB Road, Kakarwaya",,8871482197,,5405,Cold Storage,,official ; directory,"National Horticulture Board (NHB) - list of NHB-assisted cold storages, Madhya Pradesh (sanctions 2000-2009) ; NaPanta cold storage directory (Shivpuri district page)",https://nhb.gov.in/doc/Madhya%20Pradesh.pdf ; https://www.napanta.com/hi/cold-storage/madhya-pradesh/shivpuri,"Merged from 2 source rows. NHB sanction 15-Mar-2008 (BPL.CS.99). OLD LIST: NHB assistance sanctioned 2000-2009 (see sanction date); current operation, ownership and capacity not verified | Contact person per NaPanta: Imran Khan; phone as printed on NaPanta Hindi-language page for the listed contact person (may be a personal mobile and/or outdated - confirm before publishing)"
Hariom Ice Factory and Cold Storage,Shivpuri,Shivpuri,Shivpuri,,,,,Cold storage (per Google Maps category),3.0 (1),google_maps,Google Maps / Google Search business listing (accessed 5 Oct 2026),https://www.google.com/maps/search/?api=1&query=Hariom+Ice+Factory+and+Cold+Storage+Shivpuri+Madhya+Pradesh,
Jai Maa Devi Cold Storage,,Shivpuri,,,9303330675,,,,,directory,NaPanta cold storage directory (Shivpuri district page),https://www.napanta.com/hi/cold-storage/madhya-pradesh/shivpuri,Listed as 'M/S Jai Maa Devi Cold Storage'; contact person per NaPanta: Surendra Shivhare; phone as printed on NaPanta Hindi-language page for the listed contact person (may be a personal mobile and/or outdated - confirm before publishing)
K.S Warehouse,Shivpuri,Shivpuri,"Gram Kakarwaya, New Bypass, AB Road, Shivpuri",,,,,Cold storage (per Google Maps category),5.0 (18),google_maps,Google Maps / Google Search business listing (accessed 5 Oct 2026),https://www.google.com/maps/search/?api=1&query=K.S+Warehouse+Shivpuri+Madhya+Pradesh,storage facility; may be linked to KS Cold Storage
KS Cold Storage,Shivpuri,Shivpuri,"New bypass, Gram Kakarwaya, AB Rd, Shivpuri",,,,,Cold storage (per Google Maps category),3.0 (4),google_maps,Google Maps / Google Search business listing (accessed 5 Oct 2026),https://www.google.com/maps/search/?api=1&query=KS+Cold+Storage+Shivpuri+Madhya+Pradesh,
Maa Rajeshwari Godown,Shivpuri,Shivpuri,Shivpuri,,,,,Cold storage (per Google Maps category),3.1 (13),google_maps,Google Maps / Google Search business listing (accessed 5 Oct 2026),https://www.google.com/maps/search/?api=1&query=Maa+Rajeshwari+Godown+Shivpuri+Madhya+Pradesh,Google category: cold storage facility
Patte Wala Cold Storage,Shivpuri,Shivpuri,Shivpuri,,094251 36500,,,Cold storage (per Google Maps category),4.2 (9),google_maps,Google Maps / Google Search business listing (accessed 5 Oct 2026),https://www.google.com/maps/search/?api=1&query=Patte+Wala+Cold+Storage+Shivpuri+Madhya+Pradesh,
Pattewal Cold Storage,Kalarwaya,Shivpuri,"Vill. Kalarwaya, AB Road, Shivpuri",,,,4675,Cold Storage,,official,"National Horticulture Board (NHB) - list of NHB-assisted cold storages, Madhya Pradesh (sanctions 2000-2009)",https://nhb.gov.in/doc/Madhya%20Pradesh.pdf,"NHB sanction 30-Mar-2004 (BPL/CS/72). OLD LIST: NHB assistance sanctioned 2000-2009 (see sanction date); current operation, ownership and capacity not verified"
Shanti Cold Storage,Shivpuri,Shivpuri,Shivpuri,,,,,Cold storage (per Google Maps category),,google_maps,Google Maps / Google Search business listing (accessed 5 Oct 2026),https://www.google.com/maps/search/?api=1&query=Shanti+Cold+Storage+Shivpuri+Madhya+Pradesh,Google category: warehouse
Shri Ramarchan Cold Storage,Kolaras,Shivpuri,"A.B. Road, Kolaras",,,,,Cold storage (per Google Maps category),5.0 (6),google_maps,Google Maps / Google Search business listing (accessed 5 Oct 2026),https://www.google.com/maps/search/?api=1&query=Shri+Ramarchan+Cold+Storage+Shivpuri+Madhya+Pradesh,
M/S Cold Storage,Tigla,Tikamgarh,Tigla,,9575871012,,2181,,,directory,NaPanta cold storage directory (Tikamgarh district page),https://www.napanta.com/hi/cold-storage/madhya-pradesh/tikamgarh,Name as listed on NaPanta; listed under Tikamgarh district (may now fall in Niwari district - verify); contact person per NaPanta: Hariom Goyal; phone as printed on NaPanta Hindi-language page for the listed contact person (may be a personal mobile and/or outdated - confirm before publishing)
Yamunotri Cold Storage,Ghughuwa,Tikamgarh,"Jhansi Road, Ghughuwa",,9651903911,,,,,directory,NaPanta cold storage directory (Tikamgarh district page),https://www.napanta.com/hi/cold-storage/madhya-pradesh/tikamgarh,Listed under Tikamgarh district on NaPanta (may now fall in Niwari district - verify); contact person per NaPanta: Narendra Khare; phone as printed on NaPanta Hindi-language page for the listed contact person (may be a personal mobile and/or outdated - confirm before publishing)
Advanced Agro Services Pvt Ltd,Ujjain,Ujjain,Ujjain,,098933 40631,,,Cold storage (per Google Maps category),4.4 (21),google_maps,Google Maps / Google Search business listing (accessed 5 Oct 2026),https://www.google.com/maps/search/?api=1&query=Advanced+Agro+Services+Pvt+Ltd+Ujjain+Madhya+Pradesh,review says stores kirana items
Jagrati Cold Storage,Ujjain-Indore Rd,Ujjain,Ujjain-Indore Rd,,,,,Cold storage (per Google Maps category),3.2 (13),google_maps,Google Maps / Google Search business listing (accessed 5 Oct 2026),https://www.google.com/maps/search/?api=1&query=Jagrati+Cold+Storage+Ujjain+Madhya+Pradesh,
K.V. Fruit Trading Company,Pawasa,Ujjain,"Pawasa, Maksi Road, Ujjain",,,,500,Cold Storage,,official,"National Horticulture Board (NHB) - list of NHB-assisted cold storages, Madhya Pradesh (sanctions 2000-2009)",https://nhb.gov.in/doc/Madhya%20Pradesh.pdf,"NHB sanction 19-Jan-2006 (BPL.CS.83). OLD LIST: NHB assistance sanctioned 2000-2009 (see sanction date); current operation, ownership and capacity not verified"
Malwa Cold Storage Pvt Ltd,Ujjain-Maksi Rd,Ujjain,Ujjain-Maksi Rd,,,,,Cold storage (per Google Maps category),3.7 (10),google_maps,Google Maps / Google Search business listing (accessed 5 Oct 2026),https://www.google.com/maps/search/?api=1&query=Malwa+Cold+Storage+Pvt+Ltd+Ujjain+Madhya+Pradesh,
Sant Dudhahari Cold Storage,Ujjain district,Ujjain,Ujjain district,,,,,Cold storage (per Google Maps category),5.0 (9),google_maps,Google Maps / Google Search business listing (accessed 5 Oct 2026),https://www.google.com/maps/search/?api=1&query=Sant+Dudhahari+Cold+Storage+Ujjain+Madhya+Pradesh,district inferred from map location - verify
Shree Balaji Cold Storage,Panwasa,Ujjain,"Ujjain-Maksi Rd, behind Lotus Green Colony, Panwasa",,094259 79292,,,Cold storage (per Google Maps category),4.4 (7),google_maps,Google Maps / Google Search business listing (accessed 5 Oct 2026),https://www.google.com/maps/search/?api=1&query=Shree+Balaji+Cold+Storage+Ujjain+Madhya+Pradesh,
Shri Gajanand Cold Storage,Ujjain,Ujjain,,,,,,,,directory,IndiaMART,https://m.indiamart.com/city/ujjain/cold-storage-services.html,IndiaMART; 15 yrs on IndiaMART
Shukra Cold Storage,Harsodan,Ujjain,"Vill. Harsodan, Ujjain",,,,3000,Cold Storage,,official,"National Horticulture Board (NHB) - list of NHB-assisted cold storages, Madhya Pradesh (sanctions 2000-2009)",https://nhb.gov.in/doc/Madhya%20Pradesh.pdf,"NHB sanction 3-Jul-2001 (BPL/CS/40). OLD LIST: NHB assistance sanctioned 2000-2009 (see sanction date); current operation, ownership and capacity not verified"
Singh Cold Storage,Nagziri,Ujjain,"Plot No. 102 to 107, Sector B, Dewas Road, Gram Nagziri, District Ujjain ; 58/1, Kamla Nehru Marg, Shaheed Park, Freeganj, Ujjain (per infoisinfo; may be office address)",,0734 251 1574,Potato,5293,Cold Storage,3.5 (13),official ; directory ; google_maps,"National Horticulture Board (NHB) - list of NHB-assisted cold storages, Madhya Pradesh (sanctions 2000-2009) ; infoisinfo ; Google Maps listing (accessed 5 Oct 2026)",https://nhb.gov.in/doc/Madhya%20Pradesh.pdf ; https://madhya-pradesh-state.infoisinfo.co.in/search/cold_storage ; https://www.google.com/maps/search/?api=1&query=Singh+Cold+Storage+Pvt+Ltd+Ujjain+Madhya+Pradesh,"Merged from 2 source rows. NHB sanction 21-May-2002 (BPL/CS/56). OLD LIST: NHB assistance sanctioned 2000-2009 (see sanction date); current operation, ownership and capacity not verified | infoisinfo lists 'Singh Cold Storage Pvt. Ltd.' - preservation of potatoes"
Tirupati Cold Storage,,Ujjain,,,,,,,,official,NHB cold storage GIS layer (GeoIndiaHandlerGis),https://www.nhb.gov.in/Handlers/GeoIndiaHandlerGis.ashx,"NHB GIS project point (lat 23.2023, long 75.8932); NHB-assisted, year not shown"
Ujjain Ice & Cold Storage Pvt Ltd,Ujjain,Ujjain,"Pawasa, Maksi Rd, Ujjain",,094251 95739,,,Cold storage (per Google Maps category),5.0 (5),google_maps,Google Maps / Google Search business listing (accessed 5 Oct 2026),https://www.google.com/maps/search/?api=1&query=Ujjain+Ice+%26+Cold+Storage+Pvt+Ltd+Ujjain+Madhya+Pradesh,
New Jadon Warehouse,Vidisha,Vidisha,Vidisha,,072408 31937,,,Cold storage (per Google Maps category),,google_maps,Google Maps / Google Search business listing (accessed 5 Oct 2026),https://www.google.com/maps/search/?api=1&query=New+Jadon+Warehouse+Vidisha+Madhya+Pradesh,Google category: cold storage facility
Gangotri Cold Storage,Lambakheda,,Vill. Lambakheda,,,,6253,Cold Storage,,official,"National Horticulture Board (NHB) - list of NHB-assisted cold storages, Madhya Pradesh (sanctions 2000-2009)",https://nhb.gov.in/doc/Madhya%20Pradesh.pdf,"NHB sanction 13-Oct-2000 (BPL/CS/25); source lists name as 'Gangotri Cold'; district not stated in source. OLD LIST: NHB assistance sanctioned 2000-2009 (see sanction date); current operation, ownership and capacity not verified"
Insta Cold Storage,,,"F-Sector Ind. Area, Sanwer Road",,,,323.14,Cold Storage,,official,"National Horticulture Board (NHB) - list of NHB-assisted cold storages, Madhya Pradesh (sanctions 2000-2009)",https://nhb.gov.in/doc/Madhya%20Pradesh.pdf,"NHB sanction 20-Oct-2000 (BPL/CS/30); district not stated in source (Sanwer Road ind. area - verify, likely Indore). OLD LIST: NHB assistance sanctioned 2000-2009 (see sanction date); current operation, ownership and capacity not verified"
Maa Umiya Cold Storage,Navda Panth,,"Vill. Navda Panth, Gram Panchayat Sihhasa, Dhar Road",,,,4800,Cold Storage,,official,"National Horticulture Board (NHB) - list of NHB-assisted cold storages, Madhya Pradesh (sanctions 2000-2009)",https://nhb.gov.in/doc/Madhya%20Pradesh.pdf,"NHB sanction 21-Apr-2001 (BPL/CS/41); district not stated in source (Dhar Road - verify, possibly Indore). OLD LIST: NHB assistance sanctioned 2000-2009 (see sanction date); current operation, ownership and capacity not verified"
Vrindavan Cold Storage,Kolod Kartal,,"Vill. Kolod Kartal, Khandwa Road",,,,5562,Cold Storage,,official,"National Horticulture Board (NHB) - list of NHB-assisted cold storages, Madhya Pradesh (sanctions 2000-2009)",https://nhb.gov.in/doc/Madhya%20Pradesh.pdf,"NHB sanction 27-Dec-2000 (BPL/CS/35), listed as 'Vrindavan C.S'; district not stated (possibly same as Vrindavan Cold Storage Pvt Ltd, Khandwa Road, Indore on NaPanta - verify). OLD LIST: NHB assistance sanctioned 2000-2009 (see sanction date); current operation, ownership and capacity not verified"
